Manufacturer,Item Type,ID,Part Type,Model Name,Description,Effects,Unnamed: 7,Unnamed: 8
Daedalus,Assault Rifle,10.0,DAD_AR.part_barrel_01_b,,,,,
Daedalus,Assault Rifle,11.0,DAD_AR.part_barrel_01_c,,,,,
Daedalus,Assault Rifle,12.0,DAD_AR.part_barrel_01_d,,,,,
Daedalus,Assault Rifle,13.0,DAD_AR.part_barrel_02_a,,,,,
Daedalus,Assault Rifle,14.0,DAD_AR.part_barrel_02_b,,,,,
Daedalus,Assault Rifle,15.0,DAD_AR.part_barrel_02_c,,,,,
Daedalus,Assault Rifle,16.0,DAD_AR.part_barrel_02_d,,,,,
Daedalus,Assault Rifle,17.0,DAD_AR.part_barrel_licensed_jak,,,,,
Daedalus,Assault Rifle,18.0,DAD_AR.part_barrel_licensed_ted,,,,,
Daedalus,Assault Rifle,22.0,DAD_AR.part_barrel_licensed_ted_combo,,,,,
Daedalus,Assault Rifle,23.0,DAD_AR.part_barrel_licensed_hyp,,,,,
Daedalus,Assault Rifle,28.0,DAD_AR.part_mag_05_borg,,,,,
Daedalus,Assault Rifle,29.0,DAD_AR.part_mag_torgue_normal,,,,,
Daedalus,Assault Rifle,30.0,DAD_AR.part_mag_ted_thrown_01,,,,,
Daedalus,Assault Rifle,31.0,DAD_AR.part_mag_ted_thrown_02,,,,,
Daedalus,Assault Rifle,32.0,DAD_AR.part_mag_torgue_sticky,,,,,
Daedalus,Assault Rifle,33.0,DAD_AR.part_mag_ted_thrown_03_tor,,,,,
Daedalus,Assault Rifle,34.0,DAD_AR.part_mag_ted_thrown_04_cov,,,,,
Daedalus,Assault Rifle,35.0,DAD_AR.part_mag_ted_thrown_05_bor,,,,,
Daedalus,Assault Rifle,36.0,DAD_AR.part_body_bolt,,,,,
Daedalus,Assault Rifle,41.0,DAD_AR.part_scope_ironsight,,,,,
Daedalus,Assault Rifle,42.0,DAD_AR.part_scope_acc_S01_L01_a,,,,,
Daedalus,Assault Rifle,43.0,DAD_AR.part_scope_acc_S01_L01_b,,,,,
Daedalus,Assault Rifle,44.0,DAD_AR.part_scope_acc_S01_L02_a,,,,,
Daedalus,Assault Rifle,45.0,DAD_AR.part_scope_acc_S01_L02_b,,,,,
Daedalus,Assault Rifle,46.0,DAD_AR.part_scope_acc_S02_L01_a,,,,,
Daedalus,Assault Rifle,47.0,DAD_AR.part_scope_acc_S02_L01_b,,,,,
Daedalus,Assault Rifle,48.0,DAD_AR.part_scope_acc_S02_L02_a,,,,,
Daedalus,Assault Rifle,49.0,DAD_AR.part_scope_acc_S02_L02_b,,,,,
Daedalus,Assault Rifle,51.0,DAD_AR.part_grip_05a_ted_legs,,,,,
Daedalus,Assault Rifle,52.0,DAD_AR.part_grip_05b_ted_homing,,,,,
Daedalus,Assault Rifle,53.0,DAD_AR.part_grip_01,,,,,
Daedalus,Assault Rifle,54.0,DAD_AR.part_grip_02,,,,,
Daedalus,Assault Rifle,55.0,DAD_AR.part_grip_03,,,,,
Daedalus,Assault Rifle,56.0,DAD_AR.part_grip_04_hyp,,,,,
Daedalus,Assault Rifle,58.0,DAD_AR.part_underbarrel_04_atlas_ball,,,,,
Daedalus,Assault Rifle,6.0,DAD_AR.part_barrel_01,,,,,
Daedalus,Assault Rifle,64.0,DAD_AR.part_foregrip_01,,,,,
Daedalus,Assault Rifle,65.0,DAD_AR.part_foregrip_02,,,,,
Daedalus,Assault Rifle,66.0,DAD_AR.part_foregrip_03,,,,,
Daedalus,Assault Rifle,67.0,DAD_AR.part_underbarrel_01_grenade_OM,,,,,
Daedalus,Assault Rifle,68.0,DAD_AR.part_body_mag_PS,,,,,
Daedalus,Assault Rifle,7.0,DAD_AR.part_barrel_02,,,,,
Daedalus,Assault Rifle,70.0,DAD_AR.part_body_mag_SG,,,,,
Daedalus,Assault Rifle,71.0,DAD_AR.part_body_mag_SR,,,,,
Daedalus,Assault Rifle,75.0,DAD_AR.part_underbarrel_OM_SpaceLaser,,,,,
Daedalus,Assault Rifle,76.0,DAD_AR.part_underbarrel_06_star_helix,,,,,
Daedalus,Assault Rifle,79.0,DAD_AR.part_shield_ricochet,,,,,
Daedalus,Assault Rifle,8.0,DAD_AR.part_barrel_unique_OM,,,,,
Daedalus,Assault Rifle,80.0,DAD_AR.part_shield_ammo,,,,,
Daedalus,Assault Rifle,9.0,DAD_AR.part_barrel_01_a,,,,,
Daedalus,Pistol,1.0,Barrel,DAD_PS_Barrel_01,Zipper Barrel,"Prison Rules - +75% Crtitical Damage, +75% Damage when hitting a target in the back",,
Daedalus,Pistol,2.0,Body,DAD_PS_Body,"Main body, always present",No Effect,,
Daedalus,Pistol,3.0,Body Accessory,DAD_PS_Body_A,,+Reload Speed,,
Daedalus,Pistol,4.0,Body Accessory,DAD_PS_Body_B,,+Reload Speed,,
Daedalus,Pistol,5.0,Body Accessory,DAD_PS_Body_C,,+Acc,,
Daedalus,Pistol,6.0,Body Accessory,DAD_PS_Body_D,,"No Effect, used for Daedalus Underbarrels",,
Daedalus,Pistol,7.0,Barrel,DAD_PS_Barrel_02,S23 Barrel,Base barrel,,
Daedalus,Pistol,8.0,Barrel,DAD_PS_Barrel_01,Bonn-91 Barrel,Base barrel,,
Daedalus,Pistol,9.0,Manufacturer Part,No Visual,,Hyperion Shield,,
Daedalus,Pistol,10.0,Manufacturer Part,No Visual,,Hyperion Ricochet Shield,,
Daedalus,Pistol,11.0,Manufacturer Part,No Visual,,Hyperion Absorb Shield,,
Daedalus,Pistol,12.0,Manufacturer Part,No Visual,,Hyperion Amp Shield,,
Daedalus,Pistol,13.0,Magazine,DAD_PS_Mag_01,Revolver Style Mag,"2.0s Reload, 16 capacity",,
Daedalus,Pistol,14.0,Magazine,DAD_PS_Mag_02,Belt Style Mag,"2.7s Reload, 20 capacity",,
Daedalus,Pistol,15.0,Magazine,DAD_PS_Mag_03,Fragging Mag,"Fragging Prefix, +Damage, +Acc, -Reload Speed, -Fire Rate, -18 Mag Capacity",,
Daedalus,Pistol,16.0,Manufacturer Part,DAD_PS_Mag_04,COV Mag,"Rogue Prefix, +Damage, -Acc, -Reload Speed, 25 shots to overheat",,
Daedalus,Pistol,17.0,Manufacturer Part,DAD_PS_Mag_05,Ripper Mag,"Forceful Prefix, +Fire Rate, -2 Mag Capacity",,
Daedalus,Pistol,18.0,Manufacturer Part,No Visual,,Torgue Gyrogets,,
Daedalus,Pistol,19.0,Manufacturer Part,No Visual,,Torgue Sticky mags,,
Daedalus,Pistol,20.0,Stat Modifier,No Visual,,+Reload Speed,,
Daedalus,Pistol,21.0,Stat Modifier,No Visual,,+Reload Speed,,
Daedalus,Pistol,22.0,Stat Modifier,No Visual,,+Reload Speed,,
Daedalus,Pistol,23.0,Stat Modifier,No Visual,,-Reload Speed,,
Daedalus,Pistol,24.0,Stat Modifier,No Visual,,-Reload Speed,,
Daedalus,Pistol,25.0,Scope,DAD_PS_Scope_Iron,Ironsight Scope,ADS,,
Daedalus,Pistol,26.0,Scope,DAD_PS_Scope_01 + 01_L1,Basic glass sight,ADS + Zoom,,
Daedalus,Pistol,27.0,Scope,DAD_PS_Scope_01 + 01_L2,Holo sight,ADS + Zoom,,
Daedalus,Pistol,28.0,Scope,DAD_PS_Scope_02 + 02_L2,Square Scope Sight,ADS ++ Zoom,,
Daedalus,Pistol,29.0,Scope,DAD_PS_Scope_02 + 02_L2,Round Scope Sight,ADS ++ Zoom,,
Daedalus,Pistol,30.0,Scope Accessory,DAD_PS_Scope_01_A,"Ring Accessory, goes with Scope 26","+Damage, fancier holo",,
Daedalus,Pistol,31.0,Scope Accessory,DAD_PS_Scope_01_B,"Rod Accessory, goes with Scope 26","+Reload Speed, adds mag count to holo",,
Daedalus,Pistol,32.0,Scope Accessory,DAD_PS_Scope_02_A,"Extended Lens Accessory, goes with Scope 28","No stat increase, shows distance on sight hud",,
Daedalus,Pistol,33.0,Scope Accessory,DAD_PS_Scope_02_B,"Lever Accessory, goes with Scope 28","+Crit Damage, shows bullet damage type in corner of sight?",,
Daedalus,Pistol,34.0,Scope Accessory,DAD_PS_Scope_01_A,"Ring Accessory, goes with Scope 27","+Damage, adds mag count to holo",,
Daedalus,Pistol,35.0,Scope Accessory,DAD_PS_Scope_01_B,"Rod Accessory, goes with Scope 27","+Reload Speed, adds circle to holo",,
Daedalus,Pistol,36.0,Scope Accessory,DAD_PS_Scope_02_A,"Extended Lens Accessory, goes with Scope 29","+Crit Damage, shows mag count on sight",,
Daedalus,Pistol,37.0,Scope Accessory,DAD_PS_Scope_02_B,"Lever Accessory, goes with Scope 29","No stat increase, fancier sight HUD",,
Daedalus,Pistol,38.0,Grip,DAD_PS_Grip_05 + 05_C,Tediore Modifier Grip,Javelin,,
Daedalus,Pistol,39.0,Grip,DAD_PS_Grip_05 + 05_A,Tediore Modifier Grip,Legs,,
Daedalus,Pistol,40.0,Grip,DAD_PS_Grip_05 + 05_B,Tediore Modifier Grip,Homing,,
Daedalus,Pistol,41.0,Grip,DAD_PS_Grip_04,,"Hyperion Grip, -Acc",,
Daedalus,Pistol,42.0,Grip,DAD_PS_Grip_01,,+Damage,,
Daedalus,Pistol,43.0,Grip,DAD_PS_Grip_02,,+Fire Rate,,
Daedalus,Pistol,44.0,Grip,DAD_PS_Grip_03,,+Reload Speed,,
Daedalus,Pistol,45.0,Underbarrel,DAD_PS_UnderBarrel_06,,"Underbarrel Switch, for Torgue mags maybe?",,
Daedalus,Pistol,46.0,Underbarrel,DAD_PS_UnderBarrel_04,,Atlas Tracker Grenades,,
Daedalus,Pistol,47.0,Underbarrel,DAD_PS_UnderBarrel_02,,Tac Knife Alt Fire,,
Daedalus,Pistol,48.0,Underbarrel,DAD_PS_UnderBarrel_01,,Taser Dart Alt Fire,,
Daedalus,Pistol,49.0,Foregrip,DAD_PS_Foregrip_02,,+Fire Rate,,
Daedalus,Pistol,50.0,Foregrip,DAD_PS_Foregrip_03,,+Acc,,
Daedalus,Pistol,51.0,Underbarrel,No Visual,Daedalus Secondary Fire - SMG,,,
Daedalus,Pistol,52.0,Underbarrel,No Visual,Daedalus Secondary Fire - AR,,,
Daedalus,Pistol,53.0,Underbarrel,No Visual,Daedalus Secondary Fire - Sniper,,,
Daedalus,Pistol,57.0,Stats Only,No Visual,Forceful Prefix,,,
Daedalus,Pistol,58.0,Stats Only,No Visual,Forceful Prefix,,,
Daedalus,Pistol,60.0,Barrel Accessory,DAD_PS_Barrel_01_A,Zipper/S23 Barrel Accessory,+Damage,,
Daedalus,Pistol,61.0,Barrel Accessory,DAD_PS_Barrel_01_B,Zipper/S23 Barrel Accessory,+Acc,,
Daedalus,Pistol,62.0,Barrel Accessory,DAD_PS_Barrel_01_C,Zipper/S23 Barrel Accessory,+Fire Rate,,
Daedalus,Pistol,63.0,Barrel Accessory,DAD_PS_Barrel_01_D,Zipper/S23 Barrel Accessory,+Fire Rate,,
Daedalus,Pistol,64.0,Barrel Accessory,DAD_PS_Barrel_02_A,Rangefinder/Bonn-91 Barrel Accessory,+Damage,,
Daedalus,Pistol,65.0,Barrel Accessory,DAD_PS_Barrel_02_B,Rangefinder/Bonn-91 Barrel Accessory,+Crit Damage,,
Daedalus,Pistol,66.0,Barrel Accessory,DAD_PS_Barrel_02_C,Rangefinder/Bonn-91 Barrel Accessory,+Acc,,
Daedalus,Pistol,67.0,Barrel Accessory,DAD_PS_Barrel_02_D,Rangefinder/Bonn-91 Barrel Accessory,+Acc,,
Daedalus,Pistol,68.0,Manufacturer Part,DAD_PS_Top_Acc_01,Jakobs Ricochet,,,
Daedalus,Pistol,69.0,Manufacturer Part,DAD_PS_Top_Acc_03,Tediore - Base,,,
Daedalus,Pistol,70.0,Manufacturer Part,DAD_PS_Top_Acc_03 + 03_A,Tediore - Shooting,,,
Daedalus,Pistol,71.0,Manufacturer Part,DAD_PS_Top_Acc_03 + 03_B,Tediore - MIRV,,,
Daedalus,Pistol,72.0,Manufacturer Part,DAD_PS_Top_Acc_03 + 03_C,Tediore - Combo,,,
Daedalus,Pistol,73.0,Top Accessory,DAD_PS_Top_Acc_02,Barrel Top Cover,"Armored Prefix, no other effects",,
Daedalus,Pistol,74.0,Underbarrel,DAD_PS_UnderBarrel_04,Atlas Tracker Darts,,,
Daedalus,Pistol,75.0,Underbarrel,DAD_PS_UnderBarrel_03,Demolition Charge Alt Fire,,,
Daedalus,Pistol,76.0,Foregrip,DAD_PS_Foregrip_01,,+Damage,,
Daedalus,Pistol,77.0,Underbarrel,No Visual,Daedalus Secondary Fire - Shotgun,,,
Daedalus,Pistol,78.0,Barrel,DAD_PS_Barrel_02,Rangefinder Barrel,Precision,,
Daedalus,Shotgun,10.0,DAD_SG.part_shield_ricochet,,,,,
Daedalus,Shotgun,11.0,DAD_SG.part_shield_ammo,,,,,
Daedalus,Shotgun,13.0,DAD_SG.part_mag_05_borg,,,,,
Daedalus,Shotgun,18.0,DAD_SG.part_mag_ted_thrown_01,,,,,
Daedalus,Shotgun,19.0,DAD_SG.part_mag_ted_thrown_02,,,,,
Daedalus,Shotgun,20.0,DAD_SG.part_mag_ted_thrown_03_tor,,,,,
Daedalus,Shotgun,21.0,DAD_SG.part_mag_ted_thrown_04_cov,,,,,
Daedalus,Shotgun,22.0,DAD_SG.part_mag_ted_thrown_05_bor,,,,,
Daedalus,Shotgun,23.0,DAD_SG.part_scope_ironsight,,,,,
Daedalus,Shotgun,28.0,DAD_SG.part_scope_acc_S01_L01_a,,,,,
Daedalus,Shotgun,29.0,DAD_SG.part_scope_acc_S01_L01_b,,,,,
Daedalus,Shotgun,30.0,DAD_SG.part_scope_acc_S02_L01_a,,,,,
Daedalus,Shotgun,31.0,DAD_SG.part_scope_acc_S02_L01_b,,,,,
Daedalus,Shotgun,32.0,DAD_SG.part_scope_acc_S01_L02_a,,,,,
Daedalus,Shotgun,33.0,DAD_SG.part_scope_acc_S01_L02_b,,,,,
Daedalus,Shotgun,34.0,DAD_SG.part_scope_acc_S02_L02_a,,,,,
Daedalus,Shotgun,35.0,DAD_SG.part_scope_acc_S02_L02_b,,,,,
Daedalus,Shotgun,36.0,DAD_SG.part_grip_05a_ted_legs,,,,,
Daedalus,Shotgun,38.0,DAD_SG.part_grip_05b_ted_homing,,,,,
Daedalus,Shotgun,39.0,DAD_SG.part_grip_01,,,,,
Daedalus,Shotgun,40.0,DAD_SG.part_grip_02,,,,,
Daedalus,Shotgun,41.0,DAD_SG.part_grip_03,,,,,
Daedalus,Shotgun,42.0,DAD_SG.part_grip_04_hyp,,,,,
Daedalus,Shotgun,47.0,DAD_SG.part_foregrip_01,,,,,
Daedalus,Shotgun,48.0,DAD_SG.part_foregrip_03,,,,,
Daedalus,Shotgun,49.0,DAD_SG.part_foregrip_02,,,,,
Daedalus,Shotgun,50.0,DAD_SG.part_underbarrel_03_mine,,,,,
Daedalus,Shotgun,51.0,DAD_SG.part_underbarrel_04_atlas_ball,,,,,
Daedalus,Shotgun,52.0,DAD_SG.part_barrel_01_bod,,,,,
Daedalus,Shotgun,54.0,DAD_SG.part_barrel_HeartGun,,,,,
Daedalus,Shotgun,61.0,DAD_SG.part_barrel_01_a,,,,,
Daedalus,Shotgun,62.0,DAD_SG.part_barrel_01_b,,,,,
Daedalus,Shotgun,63.0,DAD_SG.part_barrel_01_c,,,,,
Daedalus,Shotgun,64.0,DAD_SG.part_barrel_01_d,,,,,
Daedalus,Shotgun,65.0,DAD_SG.part_barrel_02_a,,,,,
Daedalus,Shotgun,66.0,DAD_SG.part_barrel_02_b,,,,,
Daedalus,Shotgun,67.0,DAD_SG.part_barrel_02_c,,,,,
Daedalus,Shotgun,68.0,DAD_SG.part_barrel_02_d,,,,,
Daedalus,Shotgun,69.0,DAD_SG.part_barrel_licensed_jak,,,,,
Daedalus,Shotgun,7.0,DAD_SG.part_barrel_01,,,,,
Daedalus,Shotgun,70.0,DAD_SG.part_barrel_licensed_ted,,,,,
Daedalus,Shotgun,73.0,DAD_SG.part_barrel_licensed_ted_combo,,,,,
Daedalus,Shotgun,74.0,DAD_SG.part_barrel_licensed_hyp,,,,,
Daedalus,Shotgun,75.0,DAD_SG.part_mag_torgue_normal,,,,,
Daedalus,Shotgun,76.0,DAD_SG.part_mag_torgue_sticky,,,,,
Daedalus,Shotgun,77.0,DAD_SG.part_body_mag_PS,,,,,
Daedalus,Shotgun,79.0,DAD_SG.part_body_mag_AR,,,,,
Daedalus,Shotgun,8.0,DAD_SG.part_barrel_02,,,,,
Daedalus,Shotgun,80.0,DAD_SG.part_body_mag_SR,,,,,
Daedalus,SMG,3.0,Body Accessory,,Daedalus Ammo Switch Mag,+Reload,,
Daedalus,SMG,4.0,Body Accessory,,No Visible Part,+Reload,,
Daedalus,SMG,5.0,Body Accessory,,Body Battery Near Trigger,+Accuracy,,
Daedalus,SMG,6.0,Body Accessory,,Body Symbol,No Stat Change,,
Daedalus,SMG,7.0,Barrel,,GCX Barrel,,,
Daedalus,SMG,8.0,Barrel,,Painter Barrel,,,
Daedalus,SMG,9.0,Manufacturer Part,,Hyperion Shield,,,
Daedalus,SMG,10.0,Manufacturer Part,,Hyperion Reflect,,,
Daedalus,SMG,11.0,Manufacturer Part,,Hyperion Absorb,,,
Daedalus,SMG,12.0,Manufacturer Part,,Hyperion Amp,,,
Daedalus,SMG,13.0,Magazine,,Internal Magazine,+Reload -Magazine,,
Daedalus,SMG,14.0,Magazine,,External Box Magazine,-Reload +Magazine,,
Daedalus,SMG,15.0,Magazine,,Torgue Magazine,,,
Daedalus,SMG,16.0,Magazine,,CoV Magazine,,,
Daedalus,SMG,17.0,Magazine,,Ripper Magazine,,,
Daedalus,SMG,18.0,Manufacturer Part,,Torgue Gyrojets,,,
Daedalus,SMG,19.0,Manufacturer Part,,Torgue Sticky,,,
Daedalus,SMG,20.0,Stat Modifier,,Tediore Part Reload Bonus Small? Magazine,+Reload,,
Daedalus,SMG,21.0,Stat Modifier,,Tediore Part Reload Bonus Large? Magazine,+Reload,,
Daedalus,SMG,22.0,Stat Modifier,,Tediore Part Reload Bonus Torgue Magazine,+Reload,,
Daedalus,SMG,23.0,Stat Modifier,,Tediore Part Reload Bonus CoV Magazine,+Reload,,
Daedalus,SMG,24.0,Stat Modifier,,Tediore Part Reload Bonus Ripper Magazine,+Reload,,
Daedalus,SMG,25.0,Scope,,Large ACOG Sight use with {38} and {39},,,
Daedalus,SMG,26.0,Scope,,ACOG Sight use with {36} and {37},,,
Daedalus,SMG,27.0,Scope,,Glass Sight use with {34} and {35},,,
Daedalus,SMG,28.0,Scope,,Tall Sight use with {32} and {33},,,
Daedalus,SMG,29.0,Scope,,Iron Sight,,,
Daedalus,SMG,30.0,Scope Accessory,,,+Damage,,
Daedalus,SMG,31.0,Scope Accessory,,,+Damage,,
Daedalus,SMG,32.0,Scope Accessory,,,+Damage,,
Daedalus,SMG,33.0,Scope Accessory,,,+Reload,,
Daedalus,SMG,34.0,Scope Accessory,,,+Damage,,
Daedalus,SMG,35.0,Scope Accessory,,,+Reload,,
Daedalus,SMG,36.0,Scope Accessory,,,+Stability,,
Daedalus,SMG,37.0,Scope Accessory,,,+Crit Damage,,
Daedalus,SMG,38.0,Scope Accessory,,,+Stability,,
Daedalus,SMG,39.0,Scope Accessory,,,+Crit Damage,,
Daedalus,SMG,40.0,Grip,,Tediore - Legs,,,
Daedalus,SMG,41.0,Grip,,Tediore - Javelin,,,
Daedalus,SMG,42.0,Grip,,Tediore - Homing,,,
Daedalus,SMG,43.0,Grip,,Hyperion Grip,,,
Daedalus,SMG,44.0,Grip,,Sniper Grip,+Damage,,
Daedalus,SMG,45.0,Grip,,Pistol Grip,+Fire Rate,,
Daedalus,SMG,46.0,Grip,,Rifle Grip,+Reload,,
Daedalus,SMG,47.0,Underbarrel,,Maliwan Element Switch,,,
Daedalus,SMG,48.0,Underbarrel,,Underbarrel Shotgun,,,
Daedalus,SMG,49.0,Underbarrel,,Overcharge,,,
Daedalus,SMG,50.0,Underbarrel,,Atlas Tracker Darts,,,
Daedalus,SMG,51.0,Foregrip,,,+Accuracy,,
Daedalus,SMG,52.0,Foregrip,,,+Damage,,
Daedalus,SMG,53.0,Foregrip,,,+Fire Rate,,
Daedalus,SMG,54.0,Underbarrel,,Atlas Tracker Grenade,,,
Daedalus,SMG,55.0,Underbarrel,,Daedalus Secondary Fire - Pistol,,,
Daedalus,SMG,56.0,Underbarrel,,Daedalus Secondary Fire - Assault Rifle,,,
Daedalus,SMG,57.0,Underbarrel,,Daedalus Secondary Fire - Sniper Rifle,,,
Daedalus,SMG,58.0,Underbarrel,,Daedalus Secondary Fire - Shotgun,,,
Daedalus,SMG,60.0,Barrel,,Luty Madlad Barrel,Homemade Ingenuity,,
Daedalus,SMG,62.0,Body,,Always Present,,,
Daedalus,SMG,63.0,Body,,Darkbeast Rarity,,,
Daedalus,SMG,64.0,Barrel,,Darkbeast Barrel,Parley,,
Daedalus,SMG,65.0,Body,,Luty Madlad Rarity,,,
Daedalus,SMG,66.0,Stat Modifier,,Ripper Mag Stat Bonus (Painter Part),,,
Daedalus,SMG,67.0,Stat Modifier,,"Ripper Mag Sat Bonus (GCX, Luty, Darkbeast Part)",,,
Daedalus,SMG,69.0,Barrel,,Loarmaster Barrel? Does not Add Legendary Perk,,,
Daedalus,SMG,79.0,Underbarrel,,Underbarrel Grenade Launcher,,,
Daedalus,SMG,80.0,Barrel Accessory,,"Compensator (GCX, Luty, Darkbeast Part)",+Damage,,
Daedalus,SMG,81.0,Barrel Accessory,,"Double Bands on Barrel (GCX, Luty, Darkbeast Part)",+Crit Damage,,
Daedalus,SMG,82.0,Barrel Accessory,,"Single Band on Barrel (GCX, Luty, Darkbeast Part)",+Accuracy,,
Daedalus,SMG,83.0,Barrel Accessory,,"Single Band connected to Foregrip (GCX, Luty, Darkbeast Part)",+Accuracy,,
Daedalus,SMG,84.0,Barrel Accessory,,Compensator (Painter Part),+Damage,,
Daedalus,SMG,85.0,Barrel Accessory,,Shell (Painter Part),+Accuracy,,
Daedalus,SMG,86.0,Barrel Accessory,,Sheath (Painter Part),+Fire Rate,,
Daedalus,SMG,87.0,Barrel Accessory,,Weight (Painter Part),+Fire Rate,,
Daedalus,SMG,88.0,Manufacturer Part,,Jakobs,,,
Daedalus,SMG,89.0,Manufacturer Part,,Tediore - Base,,,
Daedalus,SMG,90.0,Manufacturer Part,,Tediore - Shooting,,,
Daedalus,SMG,91.0,Manufacturer Part,,Tediore - MIRV,,,
Daedalus,SMG,92.0,Manufacturer Part,,Tediore - Combo,,,
Daedalus,SMG,93.0,Manufacturer Part,,Hyperion Shield,,,
Daedalus,SMG,94.0,Body,,White Rarity,,,
Daedalus,SMG,95.0,Body,,Green Rarity,,,
Daedalus,SMG,96.0,Body,,Blue Rarity,,,
Daedalus,SMG,97.0,Body,,Purple Rarity,,,
Jakobs,Assault Rifle,10.0,JAK_AR.part_barrel_01_b,,,,,
Jakobs,Assault Rifle,11.0,JAK_AR.part_barrel_01_c,,,,,
Jakobs,Assault Rifle,12.0,JAK_AR.part_barrel_01_d,,,,,
Jakobs,Assault Rifle,13.0,JAK_AR.part_barrel_02_a,,,,,
Jakobs,Assault Rifle,14.0,JAK_AR.part_barrel_02_b,,,,,
Jakobs,Assault Rifle,15.0,JAK_AR.part_barrel_02_c,,,,,
Jakobs,Assault Rifle,16.0,JAK_AR.part_barrel_02_d,,,,,
Jakobs,Assault Rifle,17.0,JAK_AR.part_barrel_licensed_ted,,,,,
Jakobs,Assault Rifle,19.0,JAK_AR.part_barrel_licensed_ted_combo,,,,,
Jakobs,Assault Rifle,21.0,JAK_AR.part_barrel_licensed_hyp,,,,,
Jakobs,Assault Rifle,23.0,JAK_AR.part_shield_ricochet,,,,,
Jakobs,Assault Rifle,29.0,JAK_AR.part_mag_05_borg,,,,,
Jakobs,Assault Rifle,30.0,JAK_AR.part_mag_torgue_normal,,,,,
Jakobs,Assault Rifle,31.0,JAK_AR.part_mag_torgue_sticky,,,,,
Jakobs,Assault Rifle,32.0,JAK_AR.part_mag_ted_thrown_01,,,,,
Jakobs,Assault Rifle,33.0,JAK_AR.part_mag_ted_thrown_02,,,,,
Jakobs,Assault Rifle,34.0,JAK_AR.part_mag_ted_thrown_03_tor,,,,,
Jakobs,Assault Rifle,35.0,JAK_AR.part_mag_ted_thrown_04_cov,,,,,
Jakobs,Assault Rifle,36.0,JAK_AR.part_mag_ted_thrown_05_bor,,,,,
Jakobs,Assault Rifle,37.0,JAK_AR.part_scope_ironsight,,,,,
Jakobs,Assault Rifle,42.0,JAK_AR.part_scope_acc_S01_L01_a,,,,,
Jakobs,Assault Rifle,43.0,JAK_AR.part_scope_acc_S01_L01_b,,,,,
Jakobs,Assault Rifle,44.0,JAK_AR.part_scope_acc_S02_L01_a,,,,,
Jakobs,Assault Rifle,45.0,JAK_AR.part_scope_acc_S02_L01_b,,,,,
Jakobs,Assault Rifle,46.0,JAK_AR.part_scope_acc_S01_L02_a,,,,,
Jakobs,Assault Rifle,47.0,JAK_AR.part_scope_acc_S01_L02_b,,,,,
Jakobs,Assault Rifle,48.0,JAK_AR.part_grip_05a_ted_legs,,,,,
Jakobs,Assault Rifle,50.0,JAK_AR.part_grip_05b_ted_homing,,,,,
Jakobs,Assault Rifle,51.0,JAK_AR.part_grip_04_hyp,,,,,
Jakobs,Assault Rifle,52.0,JAK_AR.part_grip_01,,,,,
Jakobs,Assault Rifle,53.0,JAK_AR.part_grip_02,,,,,
Jakobs,Assault Rifle,54.0,JAK_AR.part_grip_03,,,,,
Jakobs,Assault Rifle,58.0,JAK_AR.part_underbarrel_04_atlas_ball,,,,,
Jakobs,Assault Rifle,60.0,JAK_AR.part_underbarrel_05_ammoswitcher,,,,,
Jakobs,Assault Rifle,61.0,JAK_AR.part_foregrip_01,,,,,
Jakobs,Assault Rifle,62.0,JAK_AR.part_foregrip_02,,,,,
Jakobs,Assault Rifle,63.0,JAK_AR.part_foregrip_03,,,,,
Jakobs,Assault Rifle,65.0,JAK_AR.part_secondary_ammo_sg,,,,,
Jakobs,Assault Rifle,66.0,JAK_AR.part_secondary_ammo_sr,,,,,
Jakobs,Assault Rifle,67.0,JAK_AR.part_secondary_ammo_ps,,,,,
Jakobs,Assault Rifle,68.0,JAK_AR.part_scope_acc_S02_L02_a,,,,,
Jakobs,Assault Rifle,69.0,JAK_AR.part_scope_acc_S02_L02_b,,,,,
Jakobs,Assault Rifle,7.0,JAK_AR.part_barrel_01,,,,,
Jakobs,Assault Rifle,73.0,JAK_AR.part_barrel_01_BonnieClyde,,,,,
Jakobs,Assault Rifle,75.0,JAK_AR.part_barrel_02_rowan,,,,,
Jakobs,Assault Rifle,8.0,JAK_AR.part_barrel_02,,,,,
Jakobs,Assault Rifle,85.0,JAK_AR.part_shield_ammo,,,,,
Jakobs,Assault Rifle,9.0,JAK_AR.part_barrel_01_a,,,,,
Jakobs,Pistol,2.0,Body,JAK_PS_Body,,,,
Jakobs,Pistol,3.0,Body Accessory,JAK_PS_Body_A,,+Reload Speed,,
Jakobs,Pistol,4.0,Body Accessory,JAK_PS_Body_B,,+Reload Speed,,
Jakobs,Pistol,5.0,Body Accessory,JAK_PS_Body_C,,+Acc,,
Jakobs,Pistol,6.0,Body Accessory,JAK_PS_Body_D,,+Crit Damage,,
Jakobs,Pistol,7.0,Barrel,JAK_PS_Barrel_01,Cuca Barrel,,,
Jakobs,Pistol,8.0,Barrel,JAK_PS_Barrel_02,Muki Barrel,,,
Jakobs,Pistol,9.0,Manufacturer Part,No visual,Hyperion Shield,,,
Jakobs,Pistol,10.0,Manufacturer Part,No visual,Hyperion Ricochet Shield,,,
Jakobs,Pistol,11.0,Manufacturer Part,No visual,Hyperion Absorb Shield,,,
Jakobs,Pistol,12.0,Manufacturer Part,No visual,Hyperion Amp Shield,,,
Jakobs,Pistol,13.0,Magazine,JAK_PS_Mag_01,,"2.4s Reload, 4 shots",,
Jakobs,Pistol,14.0,Magazine,JAK_PS_Mag_02,,"2.3s Reload, 6 shots, -Damage",,
Jakobs,Pistol,15.0,Magazine,JAK_PS_Mag_03,Ring Magazine,"2.9s Reload, -All, 8 shots",,
Jakobs,Pistol,16.0,Magazine,JAK_PS_Mag_04,COV Magazine,"3.2s Reload Cooking Prefix, -Damage, -Acc, -Reload Speed, 5 Shots to overheat",,
Jakobs,Pistol,17.0,Magazine,JAK_PS_Mag_05,Ripper Magazine,"2.3s ReloadMaintained Prefix, -Damage, -Reload Speed, -Fire Rate, 8 shots",,
Jakobs,Pistol,18.0,Manufacturer Part,No Visual,Torgue Gyrojets,,,
Jakobs,Pistol,19.0,Manufacturer Part,No visual,Torgue Sticky,,,
Jakobs,Pistol,20.0,Stats Only,No visual,,+Reload Speed,,
Jakobs,Pistol,21.0,Stats Only,No visual,,+Reload Speed,,
Jakobs,Pistol,22.0,Stats Only,No visual,,+Reload Speed,,
Jakobs,Pistol,23.0,Stats Only,No visual,,-Reload Speed,,
Jakobs,Pistol,24.0,Stats Only,No visual,,+Reload Speed,,
Jakobs,Pistol,25.0,Scope,JAK_PS_Scope_Iron,Ironsight Scope,ADS,,
Jakobs,Pistol,26.0,Scope,JAK_PS_Scope_01 + 01_L1,"Glass Sight, round",ADS +Zoom,,
Jakobs,Pistol,27.0,Scope,JAK_PS_Scope_01 + 01_L2,"Glass Sight, Square",ADS +Zoom,,
Jakobs,Pistol,28.0,Scope,JAK_PS_Scope_02 + 02_L1,Square Short Scope,ADS ++Zoom,,
Jakobs,Pistol,29.0,Scope,JAK_PS_Scope_02 + 02_L2,Round Scope,ADS ++Zoom,,
Jakobs,Pistol,30.0,Scope Accessory,JAK_PS_Scope_01_A,Scope Accessory - 26,"+Damage, Mag Indicator",,
Jakobs,Pistol,31.0,Scope Accessory,JAK_PS_Scope_01_B,Scope Accessory - 26,"+Reload Speed, Fancier Design",,
Jakobs,Pistol,32.0,Scope Accessory,JAK_PS_Scope_02_A (Broken),Scope Accessory - 28,Fancier Design,,
Jakobs,Pistol,33.0,Scope Accessory,JAK_PS_Scope_02_B,Scope Accessory - 28,"+Crit Damage, Mag Indicator",,
Jakobs,Pistol,34.0,Scope Accessory,JAK_PS_Scope_01_A,Scope Accessory - 27,"+Damage, Fancier Design",,
Jakobs,Pistol,35.0,Scope Accessory,JAK_PS_Scope_01_B,Scope Accessory - 27,"+Reload Speed, Mag Indicator, height markers?",,
Jakobs,Pistol,36.0,Scope Accessory,JAK_PS_Scope_02_A (Broken),Scope Accessory - 29,Fancier Design,,
Jakobs,Pistol,37.0,Scope Accessory,JAK_PS_Scope_02_B,Scope Accessory - 29,"+Crit Damage, Fancier Design",,
Jakobs,Pistol,38.0,Grip,JAK_PS_Grip_05 + 05_B,Tediore Modifier Grip - Homing,,,
Jakobs,Pistol,39.0,Grip,JAK_PS_Grip_05 + 05_C,Tediore Modifier Grip - Javelin,,,
Jakobs,Pistol,40.0,Grip,JAK_PS_Grip_05 + 05_A,Tediore Modifier Grip - Legs,,,
Jakobs,Pistol,41.0,Grip,JAK_PS_Grip_01,"Revolver style handle, no guard",+Damage,,
Jakobs,Pistol,42.0,Grip,JAK_PS_Grip_02,"Long Handle, no guard",+Crit Damage,,
Jakobs,Pistol,43.0,Grip,JAK_PS_Grip_03,"More modern pistol looking handle, with guard",+Reload Speed,,
Jakobs,Pistol,44.0,Grip,JAK_PS_Grip_04,Hyperion Grip,"-Acc, Acc increases with continuous fire",,
Jakobs,Pistol,45.0,Underbarrel,JAK_PS_UnderBarrel_02,Knife Launcher,,,
Jakobs,Pistol,46.0,Underbarrel,JAK_PS_UnderBarrel_01,Zip Rockets,,,
Jakobs,Pistol,47.0,Underbarrel,JAK_PS_UnderBarrel_05,Daedalus visual part,"No effects, but always with Daedalus ammo switch",,
Jakobs,Pistol,48.0,Underbarrel,JAK_PS_UnderBarrel_04,Atlas Tracker Darts,,,
Jakobs,Pistol,49.0,Foregrip,JAK_PS_Foregrip_02,,+Fire Rate,,
Jakobs,Pistol,50.0,Foregrip,JAK_PS_Foregrip_03,,+Acc,,
Jakobs,Pistol,51.0,Barrel Accessory,JAK_PS_Barrel_01_A,,+Damage,,
Jakobs,Pistol,52.0,Barrel Accessory,JAK_PS_Barrel_01_B,,+Crit Damage,,
Jakobs,Pistol,53.0,Barrel Accessory,JAK_PS_Barrel_01_C,,+Acc,,
Jakobs,Pistol,54.0,Barrel Accessory,JAK_PS_Barrel_01_D,,+Acc,,
Jakobs,Pistol,55.0,Barrel Accessory,JAK_PS_Barrel_02_A,,+Damage,,
Jakobs,Pistol,56.0,Barrel Accessory,JAK_PS_Barrel_02_B,,+Acc,,
Jakobs,Pistol,57.0,Barrel Accessory,JAK_PS_Barrel_02_C,,+Fire Rate,,
Jakobs,Pistol,58.0,Barrel Accessory,JAK_PS_Barrel_02_D,,+Damage,,
Jakobs,Pistol,59.0,Manufacturer Part,JAK_PS_Acc_02,Tediore Base,,,
Jakobs,Pistol,60.0,Manufacturer Part,JAK_PS_Acc_02_A,Tediore - Shooting,,,
Jakobs,Pistol,61.0,Manufacturer Part,JAK_PS_Acc_02_B,Tediore - MIRV,,,
Jakobs,Pistol,62.0,Manufacturer Part,JAK_PS_Acc_02_C,Tediore - Combo,,,
Jakobs,Pistol,63.0,Manufacturer Part,JAK_PS_Acc_01,,"Kettled Prefix, no other effects",,
Jakobs,Pistol,64.0,Manufacturer Part,No visual,Daedalus Ammo Switch - SMG,Always with part 47,,
Jakobs,Pistol,65.0,Manufacturer Part,No visual,Daedalus Ammo Switch - Shotgun,Always with part 47,,
Jakobs,Pistol,66.0,Manufacturer Part,No visual,Daedalus Ammo Switch - AR,Always with part 47,,
Jakobs,Pistol,67.0,Manufacturer Part,No visual,Daedalus Ammo Switch - Sniper,Always with part 47,,
Jakobs,Pistol,68.0,Underbarrel,JAK_PS_UnderBarrel_03,Vial Launcher,,,
Jakobs,Pistol,69.0,Underbarrel,JAK_PS_UnderBarrel_04,Atlas Tracker Grenades,,,
Jakobs,Pistol,70.0,Foregrip,JAK_PS_Foregrip_01,,+Damage,,
Jakobs,Pistol,72.0,Barrel,San Saba Songbird Barrel,,,,
Jakobs,Pistol,75.0,Barrel,King's Gambit Barrel,,,,
Jakobs,Pistol,77.0,Barrel,Phantom Flame Barrel,,,,
Jakobs,Pistol,80.0,Barrel,Seventh Sense Barrel,,,,
Jakobs,Shotgun,1.0,Rainbow Vomit Element,,,"Cryo, Incendiary, Shock",,
Jakobs,Shotgun,2.0,Body,,,-,,
Jakobs,Shotgun,3.0,Body accessory A (top plate),,,-10% reload time,,
Jakobs,Shotgun,4.0,Body accessory B (casing),,,-10% reload time,,
Jakobs,Shotgun,5.0,Body accessory C (glass pane),,,+6% accuracy,,
Jakobs,Shotgun,6.0,Body accessory D (side plates),,,+38% crit damage,,
Jakobs,Shotgun,7.0,Barrel 01 (Dullahan),,,-,,
Jakobs,Shotgun,8.0,Barrel 02 (Balor),,,-,,
Jakobs,Shotgun,9.0,Hyperion shield (blue),,,-,,
Jakobs,Shotgun,10.0,Hyperion ricochet shield (green),,,-,,
Jakobs,Shotgun,11.0,Hyperion absorb shield (yellow),,,-,,
Jakobs,Shotgun,12.0,Hyperion amp shield (red),,,-,,
Jakobs,Shotgun,13.0,8x Ripper mag,,,"-33% damage, +25% fire rate",,
Jakobs,Shotgun,14.0,3x CoV mag,,,"-25% damage, -9% accuracy",,
Jakobs,Shotgun,15.0,12x drum mag,,,-10% damage,,
Jakobs,Shotgun,16.0,Rainbow Vomit Element,,,"Cryo, Incendiary, Radiation",,
Jakobs,Shotgun,17.0,6x mag (single barrel),,,-10% damage,,
Jakobs,Shotgun,18.0,Invisible reload perk,,,-5% reload time,,
Jakobs,Shotgun,19.0,Invisible reload perk,,,-5% reload time,,
Jakobs,Shotgun,20.0,Invisible reload perk,,,-5% reload time,,
Jakobs,Shotgun,21.0,Invisible reload perk,,,+40% reload time?,,
Jakobs,Shotgun,22.0,Invisible reload perk,,,+40% reload time?,,
Jakobs,Shotgun,23.0,Holographic iron sights,,,-,,
Jakobs,Shotgun,24.0,Sight 01 (hexagonal),,,-,,
Jakobs,Shotgun,25.0,Sight 02 (round),,,-,,
Jakobs,Shotgun,26.0,Scope 01 (square),,,-,,
Jakobs,Shotgun,27.0,Scope 02 (round),,,-,,
Jakobs,Shotgun,28.0,Sight 01 accessory A (small screw),,,+10% damage,,
Jakobs,Shotgun,29.0,Sight 01 accessory B (small screw),,,-15% reload time,,
Jakobs,Shotgun,30.0,Scope 01 accessory A (wires),,,-,,
Jakobs,Shotgun,31.0,Scope 01 accessory B (lens cover),,,+38% crit damage,,
Jakobs,Shotgun,32.0,Sight 02 accessory A (small screw),,,+10% damage,,
Jakobs,Shotgun,33.0,Sight 02 accessory B (small screw),,,-15% reload time,,
Jakobs,Shotgun,34.0,Scope 02 accessory A (wires),,,-,,
Jakobs,Shotgun,35.0,Scope 02 accessory B (lens cover),,,+38% crit damage,,
Jakobs,Shotgun,36.0,Torgue? Grip/stock,,,-,,
Jakobs,Shotgun,37.0,Ripper? Grip/stock,,,-,,
Jakobs,Shotgun,38.0,Hyperion Grip/stock,,,+4% accuracy,,
Jakobs,Shotgun,39.0,CoV? Grip/stock,,,-,,
Jakobs,Shotgun,40.0,Grip/stock 01,,,+10% damage,,
Jakobs,Shotgun,41.0,Grip/stock 02,,,+38% crit damage,,
Jakobs,Shotgun,42.0,Grip/stock 03,,,-10% reload time,,
Jakobs,Shotgun,43.0,Atlas tracker grenades underbarrel,,,-,,
Jakobs,Shotgun,44.0,Atlas tracker darts underbarrel,,,-,,
Jakobs,Shotgun,45.0,Spread launcher underbarrel,,,-,,
Jakobs,Shotgun,46.0,Gravity harpoon underbarrel,,,-,,
Jakobs,Shotgun,47.0,Foregrip 01 (bayonet),,,+10% fire rate,,
Jakobs,Shotgun,48.0,Foregrip 02 (vertical),,,+6% accuracy,,
Jakobs,Shotgun,49.0,Deadalus multi-loader underbarrel,,,-,,
Jakobs,Shotgun,50.0,Knife launcher underbarrel,,,-,,
Jakobs,Shotgun,51.0,Deadalus SMG multi-loader,,,-,,
Jakobs,Shotgun,52.0,Deadalus pistol multi-loader,,,-,,
Jakobs,Shotgun,53.0,Deadalus AR multi-loader,,,-,,
Jakobs,Shotgun,54.0,Deadalus sniper multi-loader,,,-,,
Jakobs,Shotgun,55.0,Barrel 01 accessory A (muzzle),,,+10% damage,,
Jakobs,Shotgun,56.0,Barrel 01 accessory B (muzzle),,,+38% crit damage,,
Jakobs,Shotgun,57.0,Barrel 01 accessory C (cover),,,+3% accuracy,,
Jakobs,Shotgun,58.0,Barrel 01 accessory D (wires & vents),,,+3% accuracy,,
Jakobs,Shotgun,59.0,Barrel 02 accessory A (hammers),,,+10% damage,,
Jakobs,Shotgun,60.0,Barrel 02 accessory B (muzzle),,,+6% accuracy,,
Jakobs,Shotgun,61.0,Barrel 02 accessory C (inner cover),,,-10% reload time,,
Jakobs,Shotgun,62.0,Barrel 02 accessory D (outer cover),,,+10% damage,,
Jakobs,Shotgun,63.0,Tediore default accessory,,,-,,
Jakobs,Shotgun,64.0,Tediore shooting accessory,,,-,,
Jakobs,Shotgun,65.0,Tediore mirv accessory,,,-,,
Jakobs,Shotgun,66.0,Tediore combo accessory,,,-,,
Jakobs,Shotgun,67.0,Hyperion shield accessory,,,-,,
Jakobs,Shotgun,68.0,Foregrip 03 (pump),,,+10% damage,,
Jakobs,Shotgun,69.0,Torgue impact gyrogets,,,1m splash radius,,
Jakobs,Shotgun,70.0,Torgue sticky gyrojets,,,1m splash radius,,
Jakobs,Shotgun,71.0,Rainbow Vomit Element,,,"Corrosive, Radiation, Shock",,
Jakobs,Shotgun,72.0,Rainbow Vomit Element,,,"Corrosive, Incendiary, Shock",,
Jakobs,Shotgun,73.0,Rainbow Vomit Element,,,"Corrosive, Incendiary, Radiation",,
Jakobs,Shotgun,74.0,Rainbow Vomit Element,,,"Corrosive, Cryo, Shock",,
Jakobs,Shotgun,75.0,Rainbow Vomit Element,,,"Corrosive, Cryo, Radiation",,
Jakobs,Shotgun,76.0,Rainbow Vomit Element,,,"Corrosive, Cryo, Incendiary",,
Jakobs,Shotgun,77.0,Rainbow Vomit Element,,,"Incendiary, Radiation, Shock",,
Jakobs,Shotgun,78.0,Single-shot mag (Hot Slugger),,,-,,
Jakobs,Shotgun,79.0,Barrel (Hot Slugger),,,-,,
Jakobs,Shotgun,82.0,Barrel (Hellwalker),,,Incendiary (7% chance),,
Jakobs,Shotgun,84.0,Rainbow Vomit Element,,,"Cryo, Radiation, Shock",,
Jakobs,Shotgun,86.0,Barrel (Rainbow Vomit),,,-,,
Jakobs,Shotgun,87.0,6x drum mag (Rainbow Vomit),,,-,,
Jakobs,Shotgun,88.0,Torgue sticky gyrojets,,,1m splash radius,,
Jakobs,Shotgun,89.0,Torgue impact gyrogets,,,1m splash radius,,
Jakobs,Shotgun,90.0,Barrel (TK's Wave),,,-,,
Jakobs,Shotgun,92.0,6x mag (double barrel),,,-,,
Jakobs,Shotgun,93.0,1x mag (single barrel),,,-,,
Jakobs,Shotgun,94.0,2x mag (double barrel),,,-,,
Jakobs,Sniper,2.0,Body,,,-,,
Jakobs,Sniper,3.0,Body accessory A (top wires),,,-15% reload time,,
Jakobs,Sniper,4.0,Body accessory B (red housing),,,-15% reload time,,
Jakobs,Sniper,5.0,Body accessory C (side heat strips),,,-,,
Jakobs,Sniper,6.0,Body accessory D (round trinket),,,-,,
Jakobs,Sniper,7.0,Barrel 01 (Inkanyamba),,,-,,
Jakobs,Sniper,8.0,Barrel 02 (Xiuhcoatl),,,-,,
Jakobs,Sniper,9.0,Hyperion shield (blue),,,-,,
Jakobs,Sniper,10.0,Hyperion ricochet shield (green),,,-,,
Jakobs,Sniper,11.0,Hyperion absorb shield (yellow),,,-,,
Jakobs,Sniper,12.0,Hyperion amp shield (red),,,-,,
Jakobs,Sniper,13.0,6x revolver mag,,,"3.2s reload time, -5% damage",,
Jakobs,Sniper,14.0,4x box mag,,,2.5s reload time,,
Jakobs,Sniper,15.0,10x drum mag,,,"2.7s reload time, +5% damage",,
Jakobs,Sniper,16.0,10x CoV mag,,,"3.6s reload time, -10% damage, -1% accuracy",,
Jakobs,Sniper,17.0,8x Ripper mag,,,"2.8s reload time, -15% damage, +30% fire rate",,
Jakobs,Sniper,18.0,Torgue impact gyrojets,,,1m splash radius,,
Jakobs,Sniper,19.0,Torgue sticky gyrojets,,,"1m splash radius, +17% damage per sticky",,
Jakobs,Sniper,20.0,Invisible reload perk,,,-75% reload time,,
Jakobs,Sniper,21.0,Invisible reload perk,,,-75% reload time,,
Jakobs,Sniper,22.0,Invisible reload perk,,,-75% reload time,,
Jakobs,Sniper,23.0,Invisible reload perk,,,-20% reload time,,
Jakobs,Sniper,24.0,Invisible reload perk,,,-20% reload time,,
Jakobs,Sniper,25.0,Iron sights,,,-,,
Jakobs,Sniper,26.0,Short scope 01,,,-,,
Jakobs,Sniper,27.0,Short scope 02,,,-,,
Jakobs,Sniper,28.0,Long scope 01,,,-,,
Jakobs,Sniper,29.0,Long scope 02,,,-,,
Jakobs,Sniper,30.0,Short scope 01 accessory A (wire),,,+10% damage,,
Jakobs,Sniper,31.0,Short scope 01 accessory B (cover),,,-10% reload time,,
Jakobs,Sniper,32.0,Long scope 01 accessory A (barrel),,,-,,
Jakobs,Sniper,33.0,Long scope 01 accessory B (clamps),,,+38% crit damage,,
Jakobs,Sniper,34.0,Short scope 02 accessory A (wire),,,+10% damage,,
Jakobs,Sniper,35.0,Short scope 02 accessory B (cover),,,-10% reload time,,
Jakobs,Sniper,36.0,Long scope 02 accessory A (barrel),,,-,,
Jakobs,Sniper,37.0,Long scope 02 accessory B (clamps),,,+38% crit damage,,
Jakobs,Sniper,38.0,CoV? grip/stock,,,-,,
Jakobs,Sniper,39.0,Torgue? grip/stock,,,-,,
Jakobs,Sniper,40.0,Ripper? grip/stock,,,-,,
Jakobs,Sniper,41.0,Hyperion grip/stock,,,+1% accuracy (stacks with shots fired),,
Jakobs,Sniper,42.0,Grip/Stock 01,,,+10% damage,,
Jakobs,Sniper,43.0,Grip/Stock 02,,,+38% crit damage,,
Jakobs,Sniper,44.0,Grip/Stock 03,,,-15% reload time,,
Jakobs,Sniper,45.0,Shotgun underbarrel,,,-,,
Jakobs,Sniper,46.0,Rocket launcher underbarrel,,,-,,
Jakobs,Sniper,47.0,Atlas tracker grenades underbarrel,,,-,,
Jakobs,Sniper,48.0,Deadalus multi-loader underbarrel,,,-,,
Jakobs,Sniper,49.0,Foregrip 01,,,+10% fire rate,,
Jakobs,Sniper,50.0,Foregrip 02 + bayonet,,,+1% accuracy,,
Jakobs,Sniper,51.0,Foregrip 03,,,+10% damage,,
Jakobs,Sniper,52.0,Atlas tracker darts underbarrel,,,-,,
Jakobs,Sniper,53.0,Crank SMG underbarrel,,,-,,
Jakobs,Sniper,54.0,Deadalus SMG multi-loader,,,-,,
Jakobs,Sniper,55.0,Deadalus AR multi-loader,,,-,,
Jakobs,Sniper,56.0,Deadalus pistol multi-loader,,,-,,
Jakobs,Sniper,57.0,Barrel 01 accessory A (side rails),,,+10% damage,,
Jakobs,Sniper,58.0,Barrel 01 accessory B (top rail),,,+38% crit damage,,
Jakobs,Sniper,59.0,Barrel 01 accessory C (muzzle),,,+1% accuracy,,
Jakobs,Sniper,60.0,Barrel 01 accessory D (cover),,,+1% accuracy (see note),,
Jakobs,Sniper,61.0,Barrel 02 accessory A (cover),,,+10% damage,,
Jakobs,Sniper,62.0,Barrel 02 accessory B (bipod),,,+1% accuracy,,
Jakobs,Sniper,63.0,Barrel 02 accessory C (muzzle),,,+10% fire rate,,
Jakobs,Sniper,64.0,Barrel 02 accessory D (side vents),,,+10% damage,,
Jakobs,Sniper,65.0,Tediore accessory,,,-,,
Jakobs,Sniper,66.0,Tediore shooting accessory,,,-,,
Jakobs,Sniper,67.0,Tediore combo accessory,,,-,,
Jakobs,Sniper,68.0,Tediore mirv accessory,,,-,,
Jakobs,Sniper,69.0,Hyperion shield accessory,,,-,,
Jakobs,Sniper,70.0,Deadalus shotgun multi-loader,,,-,,
Jakobs,Sniper,72.0,Barrel (Borstel Ballista),,,-,,
Jakobs,Sniper,74.0,Barrel (Boomslang),,,-,,
Jakobs,Sniper,75.0,Barrel (Truck),,,-,,
Maliwan,Shotgun,2.0,Gun Body,,Receiver,none,MAL_SG.part_barrel_01,{10:8}
Maliwan,Shotgun,3.0,Gun Body,,receiver component,-0.2s Reload Time,MAL_SG.part_barrel_01_a,{10:63}
Maliwan,Shotgun,4.0,Gun Body,,receiver component,+2 Mag Size,MAL_SG.part_barrel_01_b,{10:64}
Maliwan,Shotgun,5.0,Gun Body,,wires,+2% Accuracy,MAL_SG.part_barrel_01_c,{10:65}
Maliwan,Shotgun,6.0,Gun Body,,rear sightpost,none,MAL_SG.part_barrel_01_d,{10:66}
Maliwan,Shotgun,8.0,Barrel,,Barrel,none,MAL_SG.part_barrel_01_Kaleidosplode,{10:56}
Maliwan,Shotgun,16.0,Magazine,,Standard Magazine,"+230 Damage, +0.3s Reload Time, -30 Mag Size",MAL_SG.part_barrel_02,{10:9}
Maliwan,Shotgun,23.0,Scope,,Red dot sight,none,MAL_SG.part_barrel_02_a,{10:67}
Maliwan,Shotgun,24.0,Scope,,Holographic sight,none,MAL_SG.part_barrel_02_b,{10:68}
Maliwan,Shotgun,26.0,Scope,,ACOG scope,none,MAL_SG.part_barrel_02_c,{10:69}
Maliwan,Shotgun,27.0,,,Magnified Scope,none,MAL_SG.part_barrel_02_d,{10:70}
Maliwan,Shotgun,28.0,,,Rear sight,+493 Damage,MAL_SG.part_barrel_02_sweet_embrace,{10:58}
Maliwan,Shotgun,29.0,,,Wires,-0.2s Reload Time,MAL_SG.part_barrel_licensed_hyp,{10:76}
Maliwan,Shotgun,30.0,Scope attachment,,Front lens,none,MAL_SG.part_barrel_licensed_jak,{10:71}
Maliwan,Shotgun,31.0,Scope attachment,,Wires,none,MAL_SG.part_barrel_licensed_ted,{10:72}
Maliwan,Shotgun,34.0,Scope attachment,,Front lens,none,MAL_SG.part_barrel_licensed_ted_combo,{10:75}
Maliwan,Shotgun,35.0,Scope attachment,,Wires,none,MAL_SG.part_foregrip_01,{10:51}
Maliwan,Shotgun,41.0,Grip/Stock,,Pistol grip + butt stock,+0.1/s Fire Rate,MAL_SG.part_foregrip_02,{10:47}
Maliwan,Shotgun,42.0,Grip/Stock,,Straight stock,-0.2s Reload Time,MAL_SG.part_foregrip_03,{10:48}
Maliwan,Shotgun,43.0,Underbarrel,,Beam Tosser,none,MAL_SG.part_foregrip_04,{10:59}
Maliwan,Shotgun,44.0,?,,?,+7 Mag Size,MAL_SG.part_grip_01,{10:40}
Maliwan,Shotgun,63.0,Body attachments,,Muzzle studs,+492 Damage,MAL_SG.part_grip_02,{10:41}
Maliwan,Shotgun,64.0,Body attachments,,Muzzle dome,none,MAL_SG.part_grip_03,{10:42}
Maliwan,Shotgun,65.0,Body attachments,,Upper brace,none,MAL_SG.part_grip_04_hyp,{10:39}
Maliwan,Shotgun,66.0,Body attachments,,Chassis,+2% Accuracy,MAL_SG.part_grip_05a_ted_legs,{10:36}
Maliwan,Shotgun,71.0,Accessory,,Jakobs,none,MAL_SG.part_grip_05b_ted_homing,{10:37}
Maliwan,Shotgun,77.0,Magazine,,Magazine,"+1934 Damage, +0.1s Reload Time, -0.2/s Fire Rate, -33 Mag Size",MAL_SG.part_mag_05_borg,{10:14}
Maliwan,Shotgun,,,,,,MAL_SG.part_mag_ted_thrown_01,{10:18}
Maliwan,Shotgun,,,,,,MAL_SG.part_mag_ted_thrown_02,{10:19}
Maliwan,Shotgun,,,,,,MAL_SG.part_mag_ted_thrown_03_tor,{10:20}
Maliwan,Shotgun,,,,,,MAL_SG.part_mag_ted_thrown_04_cov,{10:21}
Maliwan,Shotgun,,,,,,MAL_SG.part_mag_ted_thrown_05_bor,{10:22}
Maliwan,Shotgun,,,,,,MAL_SG.part_mag_torgue_normal,{10:77}
Maliwan,Shotgun,,,,,,MAL_SG.part_mag_torgue_sticky,{10:78}
Maliwan,Shotgun,,,,,,MAL_SG.part_scope_acc_S01_L01_a,{10:28}
Maliwan,Shotgun,,,,,,MAL_SG.part_scope_acc_S01_L01_b,{10:29}
Maliwan,Shotgun,,,,,,MAL_SG.part_scope_acc_S01_L02_a,{10:32}
Maliwan,Shotgun,,,,,,MAL_SG.part_scope_acc_S01_L02_b,{10:33}
Maliwan,Shotgun,,,,,,MAL_SG.part_scope_acc_S02_L01_a,{10:30}
Maliwan,Shotgun,,,,,,MAL_SG.part_scope_acc_S02_L01_b,{10:31}
Maliwan,Shotgun,,,,,,MAL_SG.part_scope_acc_S02_L02_a,{10:34}
Maliwan,Shotgun,,,,,,MAL_SG.part_scope_acc_S02_L02_b,{10:35}
Maliwan,Shotgun,,,,,,MAL_SG.part_scope_ironsight,{10:23}
Maliwan,Shotgun,,,,,,MAL_SG.part_secondary_ammo_ar,{10:53}
Maliwan,Shotgun,,,,,,MAL_SG.part_secondary_ammo_ps,{10:54}
Maliwan,Shotgun,,,,,,MAL_SG.part_secondary_ammo_sr,{10:55}
Maliwan,Shotgun,,,,,,MAL_SG.part_shield_ammo,{10:12}
Maliwan,Shotgun,,,,,,MAL_SG.part_shield_ricochet,{10:11}
Maliwan,Shotgun,,,,,,MAL_SG.part_underbarrel_01_blowback,{10:49}
Maliwan,Shotgun,,,,,,MAL_SG.part_underbarrel_02_energydisc,{10:44}
Maliwan,Shotgun,,,,,,MAL_SG.part_underbarrel_04_atlas_ball,{10:45}
Maliwan,Shotgun,,,,,,MAL_SG.part_underbarrel_05_ammoswitcher,{10:46}
Maliwan,SMG,10.0,MAL_SM.part_shield_ricochet,,,,,
Maliwan,SMG,11.0,MAL_SM.part_shield_ammo,,,,,
Maliwan,SMG,17.0,MAL_SM.part_mag_05_borg,,,,,
Maliwan,SMG,18.0,MAL_SM.part_mag_torgue_normal,,,,,
Maliwan,SMG,19.0,MAL_SM.part_mag_torgue_sticky,,,,,
Maliwan,SMG,20.0,MAL_SM.part_mag_ted_thrown_01,,,,,
Maliwan,SMG,21.0,MAL_SM.part_mag_ted_thrown_02,,,,,
Maliwan,SMG,22.0,MAL_SM.part_mag_ted_thrown_03_tor,,,,,
Maliwan,SMG,23.0,MAL_SM.part_mag_ted_thrown_04_cov,,,,,
Maliwan,SMG,24.0,MAL_SM.part_mag_ted_thrown_05_bor,,,,,
Maliwan,SMG,25.0,MAL_SM.part_scope_ironsight,,,,,
Maliwan,SMG,30.0,MAL_SM.part_scope_acc_S01_L01_a,,,,,
Maliwan,SMG,31.0,MAL_SM.part_scope_acc_S01_L01_b,,,,,
Maliwan,SMG,32.0,MAL_SM.part_scope_acc_S02_L01_a,,,,,
Maliwan,SMG,33.0,MAL_SM.part_scope_acc_S02_L01_b,,,,,
Maliwan,SMG,34.0,MAL_SM.part_scope_acc_S01_L02_a,,,,,
Maliwan,SMG,35.0,MAL_SM.part_scope_acc_S01_L02_b,,,,,
Maliwan,SMG,36.0,MAL_SM.part_scope_acc_S02_L02_a,,,,,
Maliwan,SMG,37.0,MAL_SM.part_scope_acc_S02_L02_b,,,,,
Maliwan,SMG,39.0,MAL_SM.part_grip_05b_ted_homing,,,,,
Maliwan,SMG,40.0,MAL_SM.part_grip_05a_ted_legs,,,,,
Maliwan,SMG,41.0,MAL_SM.part_grip_04_hyp,,,,,
Maliwan,SMG,42.0,MAL_SM.part_grip_01,,,,,
Maliwan,SMG,43.0,MAL_SM.part_grip_02,,,,,
Maliwan,SMG,44.0,MAL_SM.part_grip_03,,,,,
Maliwan,SMG,46.0,MAL_SM.part_underbarrel_02_overcharge,,,,,
Maliwan,SMG,47.0,MAL_SM.part_underbarrel_04_atlas_ball,,,,,
Maliwan,SMG,48.0,MAL_SM.part_underbarrel_05_ammoswitcher,,,,,
Maliwan,SMG,49.0,MAL_SM.part_foregrip_02,,,,,
Maliwan,SMG,50.0,MAL_SM.part_foregrip_03,,,,,
Maliwan,SMG,51.0,MAL_SM.part_foregrip_01,,,,,
Maliwan,SMG,54.0,MAL_SM.part_secondary_ammo_sg,,,,,
Maliwan,SMG,55.0,MAL_SM.part_secondary_ammo_ar,,,,,
Maliwan,SMG,56.0,MAL_SM.part_secondary_ammo_ps,,,,,
Maliwan,SMG,57.0,MAL_SM.part_secondary_ammo_sr,,,,,
Maliwan,SMG,59.0,MAL_SM.part_barrel_01_OhmIGot,,,,,
Maliwan,SMG,65.0,MAL_SM.part_barrel_01_a,,,,,
Maliwan,SMG,66.0,MAL_SM.part_barrel_01_b,,,,,
Maliwan,SMG,67.0,MAL_SM.part_barrel_01_c,,,,,
Maliwan,SMG,68.0,MAL_SM.part_barrel_01_d,,,,,
Maliwan,SMG,69.0,MAL_SM.part_barrel_02_a,,,,,
Maliwan,SMG,7.0,MAL_SM.part_barrel_01,,,,,
Maliwan,SMG,70.0,MAL_SM.part_barrel_02_b,,,,,
Maliwan,SMG,71.0,MAL_SM.part_barrel_02_c,,,,,
Maliwan,SMG,72.0,MAL_SM.part_barrel_02_d,,,,,
Maliwan,SMG,73.0,MAL_SM.part_barrel_licensed_jak,,,,,
Maliwan,SMG,74.0,MAL_SM.part_barrel_licensed_ted,,,,,
Maliwan,SMG,77.0,MAL_SM.part_barrel_licensed_ted_combo,,,,,
Maliwan,SMG,78.0,MAL_SM.part_barrel_licensed_hyp,,,,,
Maliwan,SMG,8.0,MAL_SM.part_barrel_02,,,,,
Maliwan,Sniper,10.0,MAL_SR.part_shield_ricochet,,,,,
Maliwan,Sniper,11.0,MAL_SR.part_shield_ammo,,,,,
Maliwan,Sniper,17.0,MAL_SR.part_mag_05_borg,,,,,
Maliwan,Sniper,18.0,MAL_SR.part_mag_torgue_normal,,,,,
Maliwan,Sniper,19.0,MAL_SR.part_mag_torgue_sticky,,,,,
Maliwan,Sniper,21.0,MAL_SR.part_mag_ted_thrown_01,,,,,
Maliwan,Sniper,22.0,MAL_SR.part_mag_ted_thrown_02,,,,,
Maliwan,Sniper,23.0,MAL_SR.part_mag_ted_thrown_03_tor,,,,,
Maliwan,Sniper,24.0,MAL_SR.part_mag_ted_thrown_04_cov,,,,,
Maliwan,Sniper,25.0,MAL_SR.part_mag_ted_thrown_05_bor,,,,,
Maliwan,Sniper,26.0,MAL_SR.part_scope_ironsight,,,,,
Maliwan,Sniper,31.0,MAL_SR.part_scope_acc_S01_L01_a,,,,,
Maliwan,Sniper,32.0,MAL_SR.part_scope_acc_S01_L01_b,,,,,
Maliwan,Sniper,33.0,MAL_SR.part_scope_acc_S02_L01_a,,,,,
Maliwan,Sniper,34.0,MAL_SR.part_scope_acc_S02_L01_b,,,,,
Maliwan,Sniper,35.0,MAL_SR.part_scope_acc_S01_L02_a,,,,,
Maliwan,Sniper,36.0,MAL_SR.part_scope_acc_S01_L02_b,,,,,
Maliwan,Sniper,37.0,MAL_SR.part_scope_acc_S02_L02_a,,,,,
Maliwan,Sniper,38.0,MAL_SR.part_scope_acc_S02_L02_b,,,,,
Maliwan,Sniper,40.0,MAL_SR.part_grip_05b_ted_homing,,,,,
Maliwan,Sniper,41.0,MAL_SR.part_grip_05a_ted_legs,,,,,
Maliwan,Sniper,42.0,MAL_SR.part_grip_04_hyp,,,,,
Maliwan,Sniper,43.0,MAL_SR.part_grip_01,,,,,
Maliwan,Sniper,44.0,MAL_SR.part_grip_02,,,,,
Maliwan,Sniper,45.0,MAL_SR.part_grip_03,,,,,
Maliwan,Sniper,46.0,MAL_SR.part_underbarrel_05_ammoswitcher,,,,,
Maliwan,Sniper,47.0,MAL_SR.part_underbarrel_04_atlas_ball,,,,,
Maliwan,Sniper,48.0,MAL_SR.part_underbarrel_02_multitaser,,,,,
Maliwan,Sniper,50.0,MAL_SR.part_foregrip_02,,,,,
Maliwan,Sniper,51.0,MAL_SR.part_foregrip_03,,,,,
Maliwan,Sniper,52.0,MAL_SR.part_foregrip_01,,,,,
Maliwan,Sniper,56.0,MAL_SR.part_secondary_ammo_sg,,,,,
Maliwan,Sniper,57.0,MAL_SR.part_secondary_ammo_ar,,,,,
Maliwan,Sniper,58.0,MAL_SR.part_secondary_ammo_ps,,,,,
Maliwan,Sniper,62.0,MAL_SR.part_foregrip_04,,,,,
Maliwan,Sniper,63.0,MAL_SR.part_mag_05_borg_barrel_02,,,,,
Maliwan,Sniper,64.0,MAL_SR.part_mag_05_borg_barrel_01,,,,,
Maliwan,Sniper,65.0,MAL_SR.part_barrel_01_a,,,,,
Maliwan,Sniper,66.0,MAL_SR.part_barrel_01_b,,,,,
Maliwan,Sniper,67.0,MAL_SR.part_barrel_01_c,,,,,
Maliwan,Sniper,68.0,MAL_SR.part_barrel_01_d,,,,,
Maliwan,Sniper,69.0,MAL_SR.part_barrel_02_a,,,,,
Maliwan,Sniper,7.0,MAL_SR.part_barrel_01,,,,,
Maliwan,Sniper,70.0,MAL_SR.part_barrel_02_b,,,,,
Maliwan,Sniper,71.0,MAL_SR.part_barrel_02_c,,,,,
Maliwan,Sniper,72.0,MAL_SR.part_barrel_02_d,,,,,
Maliwan,Sniper,73.0,MAL_SR.part_barrel_licensed_jak,,,,,
Maliwan,Sniper,74.0,MAL_SR.part_barrel_licensed_ted,,,,,
Maliwan,Sniper,77.0,MAL_SR.part_barrel_licensed_ted_combo,,,,,
Maliwan,Sniper,78.0,MAL_SR.part_barrel_licensed_hyp,,,,,
Maliwan,Sniper,79.0,MAL_SR.part_barrel_01_asher,,,,,
Maliwan,Sniper,8.0,MAL_SR.part_barrel_02,,,,,
Order,Assault Rifle,10.0,ORD_AR.part_shield_ricochet,,,,,
Order,Assault Rifle,11.0,ORD_AR.part_shield_ammo,,,,,
Order,Assault Rifle,16.0,ORD_AR.part_mag_05_borg,,,,,
Order,Assault Rifle,17.0,ORD_AR.part_mag_ted_thrown_01,,,,,
Order,Assault Rifle,18.0,ORD_AR.part_mag_ted_thrown_02,,,,,
Order,Assault Rifle,19.0,ORD_AR.part_mag_ted_thrown_03_tor,,,,,
Order,Assault Rifle,2.0,ORD_AR.part_barrel_02_GMR,,,,,
Order,Assault Rifle,20.0,ORD_AR.part_mag_ted_thrown_04_cov,,,,,
Order,Assault Rifle,21.0,ORD_AR.part_mag_ted_thrown_05_bor,,,,,
Order,Assault Rifle,26.0,ORD_AR.part_scope_ironsight,,,,,
Order,Assault Rifle,27.0,ORD_AR.part_scope_acc_S01_L01_a,,,,,
Order,Assault Rifle,28.0,ORD_AR.part_scope_acc_S01_L01_b,,,,,
Order,Assault Rifle,29.0,ORD_AR.part_scope_acc_S02_L01_a,,,,,
Order,Assault Rifle,30.0,ORD_AR.part_scope_acc_S02_L01_b,,,,,
Order,Assault Rifle,31.0,ORD_AR.part_scope_acc_S01_L02_a,,,,,
Order,Assault Rifle,32.0,ORD_AR.part_scope_acc_S01_L02_b,,,,,
Order,Assault Rifle,33.0,ORD_AR.part_scope_acc_S02_L02_a,,,,,
Order,Assault Rifle,34.0,ORD_AR.part_scope_acc_S02_L02_b,,,,,
Order,Assault Rifle,35.0,ORD_AR.part_grip_05a_ted_legs,,,,,
Order,Assault Rifle,37.0,ORD_AR.part_grip_05b_ted_homing,,,,,
Order,Assault Rifle,38.0,ORD_AR.part_grip_04_hyp,,,,,
Order,Assault Rifle,39.0,ORD_AR.part_grip_01,,,,,
Order,Assault Rifle,40.0,ORD_AR.part_grip_02,,,,,
Order,Assault Rifle,41.0,ORD_AR.part_grip_03,,,,,
Order,Assault Rifle,42.0,ORD_AR.part_underbarrel_01_seeker,,,,,
Order,Assault Rifle,44.0,ORD_AR.part_underbarrel_04_atlas_ball,,,,,
Order,Assault Rifle,46.0,ORD_AR.part_foregrip_02,,,,,
Order,Assault Rifle,47.0,ORD_AR.part_foregrip_03,,,,,
Order,Assault Rifle,48.0,ORD_AR.part_secondary_ammo_sm,,,,,
Order,Assault Rifle,49.0,ORD_AR.part_secondary_ammo_sg,,,,,
Order,Assault Rifle,50.0,ORD_AR.part_secondary_ammo_ps,,,,,
Order,Assault Rifle,51.0,ORD_AR.part_secondary_ammo_sr,,,,,
Order,Assault Rifle,52.0,ORD_AR.part_barrel_01_a,,,,,
Order,Assault Rifle,53.0,ORD_AR.part_barrel_01_b,,,,,
Order,Assault Rifle,54.0,ORD_AR.part_barrel_01_c,,,,,
Order,Assault Rifle,55.0,ORD_AR.part_barrel_01_d,,,,,
Order,Assault Rifle,56.0,ORD_AR.part_barrel_02_a,,,,,
Order,Assault Rifle,57.0,ORD_AR.part_barrel_02_b,,,,,
Order,Assault Rifle,58.0,ORD_AR.part_barrel_02_c,,,,,
Order,Assault Rifle,59.0,ORD_AR.part_barrel_02_d,,,,,
Order,Assault Rifle,60.0,ORD_AR.part_barrel_licensed_jak,,,,,
Order,Assault Rifle,61.0,ORD_AR.part_barrel_licensed_ted,,,,,
Order,Assault Rifle,64.0,ORD_AR.part_barrel_licensed_ted_combo,,,,,
Order,Assault Rifle,65.0,ORD_AR.part_barrel_licensed_hyp,,,,,
Order,Assault Rifle,66.0,ORD_AR.part_mag_torgue_normal,,,,,
Order,Assault Rifle,67.0,ORD_AR.part_mag_torgue_sticky,,,,,
Order,Assault Rifle,69.0,ORD_AR.part_underbarrel_05_ammoswitcher,,,,,
Order,Assault Rifle,7.0,ORD_AR.part_barrel_01,,,,,
Order,Assault Rifle,70.0,ORD_AR.part_foregrip_01,,,,,
Order,Assault Rifle,8.0,ORD_AR.part_barrel_02,,,,,
Order,Pistol,1.0,Magazine,ORD_PS_Mag_03,Lucky Clover Mag,"1.9s Reload, 6 shots",,
Order,Pistol,2.0,Body Accessory,ORD_PS_Body,,,,
Order,Pistol,3.0,Body Accessory,ORD_PS_Body_A,,+Fire Rate,,
Order,Pistol,4.0,Body Accessory,ORD_PS_Body_B,,+Damage,,
Order,Pistol,5.0,Body Accessory,ORD_PS_Body_C,,+Acc,,
Order,Pistol,6.0,Body Accessory,ORD_PS_Body_D,,+Crit Damage,,
Order,Pistol,7.0,Barrel,ORD_PS_Barrel_01,Punct Barrel,,,
Order,Pistol,8.0,Barrel,ORD_PS_Barrel_02,Lemma Barrel,,,
Order,Pistol,9.0,Manufacturer Part,,Hyperion Shield,,,
Order,Pistol,10.0,Manufacturer Part,,Hyperion Ricochet Shield,,,
Order,Pistol,11.0,Manufacturer Part,,Hyperion Absorb Shield,,,
Order,Pistol,12.0,Manufacturer Part,,Hyperion Amp Shield,,,
Order,Pistol,13.0,Magazine,ORD_PS_Mag_01,THE CUBE,"1.9s Reload, 15 shots",,
Order,Pistol,14.0,Magazine,ORD_PS_Mag_02,THE CUBE (in a cage),"2.8s Reload, 18 shots, -Damage",,
Order,Pistol,15.0,Magazine,ORD_PS_Mag_04,,"COV Mag, Popular Prefix, 2.9s Reload, -Damage, -Acc, 20 shots to overheat",,
Order,Pistol,16.0,Magazine,ORD_PS_Mag_05,,"Ripper Mag, Prosperous Prefix, 2.3s Reload, +Fire Rate, 24 shots",,
Order,Pistol,17.0,Stats Only,No Visual,,-Reload Speed,,
Order,Pistol,18.0,Stats Only,No Visual,,-Reload Speed,,
Order,Pistol,19.0,Stats Only,No Visual,,-Reload Speed,,
Order,Pistol,20.0,Stats Only,No Visual,,-Reload Speed,,
Order,Pistol,21.0,Stats Only,No Visual,,-Reload Speed,,
Order,Pistol,22.0,Scope,ORD_PS_Scope_Iron,,ADS,,
Order,Pistol,23.0,Scope,ORD_PS_Scope_01 + 01_L1,,ADS +Zoom,,
Order,Pistol,24.0,Scope,ORD_PS_Scope_01 + 01_L2,,ADS +Zoom,,
Order,Pistol,25.0,Scope,ORD_PS_Scope_02 + 02_L1,,ADS ++Zoom,,
Order,Pistol,26.0,Scope,ORD_PS_Scope_02 + 02_L2,,ADS ++Zoom,,
Order,Pistol,27.0,Scope Accessory,ORD_PS_Scope_01_A (Broken),Scope Accessory - 23,Lower White border on sight,,
Order,Pistol,28.0,Scope Accessory,ORD_PS_Scope_01_B,Scope Accessory - 23,Top/Bottom border on sight,,
Order,Pistol,29.0,Scope Accessory,ORD_PS_Scope_02_A,Scope Accessory - 25,White Triangles on siight,,
Order,Pistol,30.0,Scope Accessory,ORD_PS_Scope_02_B,Scope Accessory - 25,"Blue Triangles on sight, +Crit Damage",,
Order,Pistol,31.0,Scope Accessory,ORD_PS_Scope_01_A,Scope Accessory - 24,Blue Triangles on sight,,
Order,Pistol,32.0,Scope Accessory,ORD_PS_Scope_01_B,Scope Accessory - 24,White Border on sight,,
Order,Pistol,33.0,Scope Accessory,ORD_PS_Scope_02_A,Scope Accessory - 26,White Triangles on sight,,
Order,Pistol,34.0,Scope Accessory,ORD_PS_Scope_02_B,Scope Accessory - 26,Blue Lower Lines on sight,,
Order,Pistol,35.0,Grip,ORD_PS_Grip_05 + 05_C,Tediore Modifier Grip,Javelin,,
Order,Pistol,36.0,Grip,ORD_PS_Grip_05 + 05_B,Tediore Modifier Grip,Homing,,
Order,Pistol,37.0,Grip,ORD_PS_Grip_05 + 05_A,Tediore Modifier Grip,Legs,,
Order,Pistol,38.0,Grip,ORD_PS_Grip_04,Hyperion Grip,"-Acc, Acc increases with continuous fire",,
Order,Pistol,39.0,Grip,ORD_PS_Grip_01,,+Damage,,
Order,Pistol,40.0,Grip,ORD_PS_Grip_02,,+Fire Rate,,
Order,Pistol,41.0,Grip,ORD_PS_Grip_03,,+Reload Speed,,
Order,Pistol,42.0,Underbarrel,ORD_PS_UnderBarrel_05,"Daedalus Visual, use with 49-52",,,
Order,Pistol,43.0,Underbarrel,ORD_PS_UnderBarrel_03,Micro Rockets,,,
Order,Pistol,44.0,Underbarrel,ORD_PS_UnderBarrel_01,Energy Burst,,,
Order,Pistol,45.0,Underbarrel,ORD_PS_UnderBarrel_04,Atlas Tracker Darts,,,
Order,Pistol,46.0,Underbarrel,ORD_PS_UnderBarrel_04,Atlas Tracker Grenades,,,
Order,Pistol,47.0,Foregrip,ORD_PS_Foregrip_02,,+Crit Damage,,
Order,Pistol,48.0,Foregrip,ORD_PS_Foregrip_03,,+Acc,,
Order,Pistol,49.0,Manufacturer Part,No Visual,"Daedalus - SMG, always with 42",x,,
Order,Pistol,50.0,Manufacturer Part,No Visual,"Daedalus - Shotgun, always with 42",,,
Order,Pistol,51.0,Manufacturer Part,No Visual,"Daedalus - AR, always with 42",,,
Order,Pistol,52.0,Manufacturer Part,No Visual,"Daedalus - Sniper, always with 42",,,
Order,Pistol,54.0,Barrel Accessory,ORD_PS_Barrel_01_A,,,,
Order,Pistol,55.0,Barrel Accessory,ORD_PS_Barrel_01_B,,,,
Order,Pistol,56.0,Barrel Accessory,ORD_PS_Barrel_01_C,,,,
Order,Pistol,57.0,Barrel Accessory,ORD_PS_Barrel_01_D,,,,
Order,Pistol,58.0,Barrel Accessory,ORD_PS_Barrel_02_A,,+Damage,,
Order,Pistol,59.0,Barrel Accessory,ORD_PS_Barrel_02_B,,+Acc,,
Order,Pistol,60.0,Barrel Accessory,ORD_PS_Barrel_02_C,,+Fire Rate,,
Order,Pistol,61.0,Barrel Accessory,ORD_PS_Barrel_02_D,,+Fire Rate,,
Order,Pistol,62.0,Manufacturer Part,ORD_PS_TAcc_02,Jakobs Ricochet,,,
Order,Pistol,63.0,Manufacturer Part,ORD_PS_TAcc_03 + 03_A,Tediore - Base,,,
Order,Pistol,64.0,Manufacturer Part,ORD_PS_TAcc_03 + 03_A,Tediore - Shooting,,,
Order,Pistol,65.0,Manufacturer Part,ORD_PS_TAcc_03 + 03_B,Tediore - MIRV,,,
Order,Pistol,66.0,Manufacturer Part,ORD_PS_TAcc_03 + 03_C,Tediore - Combo,,,
Order,Pistol,67.0,Top Accessory,ORD_PS_TAcc_01,,,,
Order,Pistol,68.0,Foregrip,ORD_PS_Foregrip_01,,+Damage,,
Order,Pistol,69.0,Manufacturer Part,No Visual,Torgue Impact,,,
Order,Pistol,70.0,Manufacturer Part,No Visual,Torgue Sticky,,,
Order,Pistol,71.0,Magazine,ORD_PS_Mag_03,,,,
Order,Pistol,72.0,Underbarrel,ORD_PS_UnderBarrel_02,Gravity Well,,,
Order,Pistol,75.0,Barrel,ORD_PS_Barrel_02,Bully Barrel,,,
Order,Pistol,78.0,Magazine,ORD_PS_Mag_01,Noisy Cricket Mag,"1.5s Reload, 2 shots",,
Order,Pistol,79.0,Barrel,ORD_PS_Barrel_01,Noisy Cricket Barrel,,,
Order,Pistol,81.0,Barrel,ORD_PS_Barrel_02,Lucky Cover Barrel,,,
Order,Sniper,10.0,ORD_SR.part_barrel_01_c,,,,,
Order,Sniper,11.0,ORD_SR.part_barrel_01_d,,,,,
Order,Sniper,12.0,ORD_SR.part_barrel_02_a,,,,,
Order,Sniper,13.0,ORD_SR.part_barrel_02_b,,,,,
Order,Sniper,14.0,ORD_SR.part_barrel_02_c,,,,,
Order,Sniper,15.0,ORD_SR.part_barrel_02_d,,,,,
Order,Sniper,16.0,ORD_SR.part_barrel_licensed_jak,,,,,
Order,Sniper,17.0,ORD_SR.part_barrel_licensed_ted,,,,,
Order,Sniper,20.0,ORD_SR.part_barrel_licensed_ted_combo,,,,,
Order,Sniper,21.0,ORD_SR.part_barrel_licensed_hyp,,,,,
Order,Sniper,22.0,ORD_SR.part_barrel_01_b,,,,,
Order,Sniper,24.0,ORD_SR.part_shield_ricochet,,,,,
Order,Sniper,25.0,ORD_SR.part_shield_ammo,,,,,
Order,Sniper,30.0,ORD_SR.part_mag_05_borg,,,,,
Order,Sniper,31.0,ORD_SR.part_mag_ted_thrown_01,,,,,
Order,Sniper,32.0,ORD_SR.part_mag_ted_thrown_02,,,,,
Order,Sniper,33.0,ORD_SR.part_mag_ted_thrown_03_tor,,,,,
Order,Sniper,34.0,ORD_SR.part_mag_ted_thrown_04_cov,,,,,
Order,Sniper,35.0,ORD_SR.part_mag_ted_thrown_05_bor,,,,,
Order,Sniper,36.0,ORD_SR.part_scope_ironsight,,,,,
Order,Sniper,41.0,ORD_SR.part_scope_acc_S01_L01_a,,,,,
Order,Sniper,42.0,ORD_SR.part_scope_acc_S01_L01_b,,,,,
Order,Sniper,43.0,ORD_SR.part_scope_acc_S02_L01_a,,,,,
Order,Sniper,44.0,ORD_SR.part_scope_acc_S02_L01_b,,,,,
Order,Sniper,45.0,ORD_SR.part_scope_acc_S01_L02_a,,,,,
Order,Sniper,46.0,ORD_SR.part_scope_acc_S01_L02_b,,,,,
Order,Sniper,47.0,ORD_SR.part_scope_acc_S02_L02_a,,,,,
Order,Sniper,48.0,ORD_SR.part_scope_acc_S02_L02_b,,,,,
Order,Sniper,50.0,ORD_SR.part_grip_05b_ted_homing,,,,,
Order,Sniper,51.0,ORD_SR.part_grip_05a_ted_legs,,,,,
Order,Sniper,52.0,ORD_SR.part_grip_04_hyp,,,,,
Order,Sniper,53.0,ORD_SR.part_grip_01,,,,,
Order,Sniper,54.0,ORD_SR.part_grip_02,,,,,
Order,Sniper,55.0,ORD_SR.part_grip_03,,,,,
Order,Sniper,56.0,ORD_SR.part_underbarrel_05_ammoswitcher,,,,,
Order,Sniper,57.0,ORD_SR.part_underbarrel_02_tether_snare,,,,,
Order,Sniper,60.0,ORD_SR.part_foregrip_02,,,,,
Order,Sniper,61.0,ORD_SR.part_foregrip_03,,,,,
Order,Sniper,63.0,ORD_SR.part_underbarrel_04_atlas_ball,,,,,
Order,Sniper,64.0,ORD_SR.part_foregrip_01,,,,,
Order,Sniper,65.0,ORD_SR.part_secondary_ammo_sm,,,,,
Order,Sniper,66.0,ORD_SR.part_secondary_ammo_sg,,,,,
Order,Sniper,67.0,ORD_SR.part_secondary_ammo_ar,,,,,
Order,Sniper,68.0,ORD_SR.part_secondary_ammo_ps,,,,,
Order,Sniper,69.0,ORD_SR.part_mag_torgue_normal,,,,,
Order,Sniper,7.0,ORD_SR.part_barrel_01,,,,,
Order,Sniper,70.0,ORD_SR.part_mag_torgue_sticky,,,,,
Order,Sniper,75.0,ORD_SR.part_barrel_01_Fisheye,,,,,
Order,Sniper,8.0,ORD_SR.part_barrel_02,,,,,
Order,Sniper,9.0,ORD_SR.part_barrel_01_a,,,,,
Ripper,Shotgun,10.0,BOR_SG.part_shield_ricochet,,,,,
Ripper,Shotgun,11.0,BOR_SG.part_shield_ammo,,,,,
Ripper,Shotgun,17.0,BOR_SG.part_mag_GoldenGod,,,,,
Ripper,Shotgun,22.0,BOR_SG.part_mag_ted_thrown_01,,,,,
Ripper,Shotgun,23.0,BOR_SG.part_mag_ted_thrown_02,,,,,
Ripper,Shotgun,24.0,BOR_SG.part_mag_ted_thrown_03_tor,,,,,
Ripper,Shotgun,25.0,BOR_SG.part_mag_ted_thrown_04_cov,,,,,
Ripper,Shotgun,30.0,BOR_SG.part_scope_ironsight,,,,,
Ripper,Shotgun,31.0,BOR_SG.part_scope_acc_S01_L01_a,,,,,
Ripper,Shotgun,32.0,BOR_SG.part_scope_acc_S01_L01_b,,,,,
Ripper,Shotgun,33.0,BOR_SG.part_scope_acc_S02_L01_a,,,,,
Ripper,Shotgun,34.0,BOR_SG.part_scope_acc_S02_L01_b,,,,,
Ripper,Shotgun,35.0,BOR_SG.part_scope_acc_S01_L02_a,,,,,
Ripper,Shotgun,36.0,BOR_SG.part_scope_acc_S01_L02_b,,,,,
Ripper,Shotgun,37.0,BOR_SG.part_scope_acc_S02_L02_a,,,,,
Ripper,Shotgun,38.0,BOR_SG.part_scope_acc_S02_L02_b,,,,,
Ripper,Shotgun,40.0,BOR_SG.part_grip_05a_ted_legs,,,,,
Ripper,Shotgun,41.0,BOR_SG.part_grip_05b_ted_homing,,,,,
Ripper,Shotgun,42.0,BOR_SG.part_grip_01,,,,,
Ripper,Shotgun,43.0,BOR_SG.part_grip_02,,,,,
Ripper,Shotgun,44.0,BOR_SG.part_grip_03,,,,,
Ripper,Shotgun,45.0,BOR_SG.part_grip_04_hyp,,,,,
Ripper,Shotgun,46.0,BOR_SG.part_underbarrel_04_atlas_ball,,,,,
Ripper,Shotgun,48.0,BOR_SG.part_underbarrel_01_beam,,,,,
Ripper,Shotgun,50.0,BOR_SG.part_foregrip_01,,,,,
Ripper,Shotgun,51.0,BOR_SG.part_foregrip_03,,,,,
Ripper,Shotgun,52.0,BOR_SG.part_underbarrel_05_ammoswitcher,,,,,
Ripper,Shotgun,61.0,BOR_SG.part_secondary_ammo_ar,,,,,
Ripper,Shotgun,62.0,BOR_SG.part_secondary_ammo_ps,,,,,
Ripper,Shotgun,63.0,BOR_SG.part_secondary_ammo_sr,,,,,
Ripper,Shotgun,66.0,BOR_SG.part_barrel_01_a,,,,,
Ripper,Shotgun,67.0,BOR_SG.part_barrel_01_b,,,,,
Ripper,Shotgun,68.0,BOR_SG.part_barrel_01_c,,,,,
Ripper,Shotgun,69.0,BOR_SG.part_barrel_01_d,,,,,
Ripper,Shotgun,7.0,BOR_SG.part_barrel_01,,,,,
Ripper,Shotgun,70.0,BOR_SG.part_barrel_02_a,,,,,
Ripper,Shotgun,71.0,BOR_SG.part_barrel_02_b,,,,,
Ripper,Shotgun,72.0,BOR_SG.part_barrel_02_c,,,,,
Ripper,Shotgun,73.0,BOR_SG.part_barrel_02_d,,,,,
Ripper,Shotgun,74.0,BOR_SG.part_barrel_licensed_jak,,,,,
Ripper,Shotgun,75.0,BOR_SG.part_barrel_licensed_ted,,,,,
Ripper,Shotgun,78.0,BOR_SG.part_barrel_licensed_ted_combo,,,,,
Ripper,Shotgun,79.0,BOR_SG.part_barrel_licensed_hyp,,,,,
Ripper,Shotgun,8.0,BOR_SG.part_barrel_02,,,,,
Ripper,Shotgun,81.0,BOR_SG.part_foregrip_02,,,,,
Ripper,Shotgun,82.0,BOR_SG.part_mag_torgue_normal,,,,,
Ripper,Shotgun,83.0,BOR_SG.part_mag_torgue_sticky,,,,,
Ripper,SMG,10.0,BOR_SM.part_shield_ricochet,,,,,
Ripper,SMG,11.0,BOR_SM.part_shield_ammo,,,,,
Ripper,SMG,22.0,BOR_SM.part_mag_ted_thrown_01,,,,,
Ripper,SMG,23.0,BOR_SM.part_mag_ted_thrown_02,,,,,
Ripper,SMG,24.0,BOR_SM.part_mag_ted_thrown_03_tor,,,,,
Ripper,SMG,25.0,BOR_SM.part_mag_ted_thrown_04_cov,,,,,
Ripper,SMG,26.0,BOR_SM.part_scope_ironsight,,,,,
Ripper,SMG,31.0,BOR_SM.part_scope_acc_S01_L01_a,,,,,
Ripper,SMG,32.0,BOR_SM.part_scope_acc_S01_L01_b,,,,,
Ripper,SMG,33.0,BOR_SM.part_scope_acc_S02_L01_a,,,,,
Ripper,SMG,34.0,BOR_SM.part_scope_acc_S02_L01_b,,,,,
Ripper,SMG,35.0,BOR_SM.part_scope_acc_S01_L02_a,,,,,
Ripper,SMG,36.0,BOR_SM.part_scope_acc_S01_L02_b,,,,,
Ripper,SMG,37.0,BOR_SM.part_scope_acc_S02_L02_a,,,,,
Ripper,SMG,38.0,BOR_SM.part_scope_acc_S02_L02_b,,,,,
Ripper,SMG,39.0,BOR_SM.part_grip_05a_ted_legs,,,,,
Ripper,SMG,40.0,BOR_SM.part_grip_05c_ted_jav,,,,,
Ripper,SMG,41.0,BOR_SM.part_grip_05b_ted_homing,,,,,
Ripper,SMG,42.0,BOR_SM.part_grip_01,,,,,
Ripper,SMG,43.0,BOR_SM.part_grip_02,,,,,
Ripper,SMG,44.0,BOR_SM.part_grip_03,,,,,
Ripper,SMG,45.0,BOR_SM.part_grip_04_hyp,,,,,
Ripper,SMG,50.0,BOR_SM.part_foregrip_01,,,,,
Ripper,SMG,51.0,BOR_SM.part_foregrip_03,,,,,
Ripper,SMG,52.0,BOR_SM.part_underbarrel_01_shrapnel,,,,,
Ripper,SMG,53.0,BOR_SM.part_underbarrel_04_atlas_ball,,,,,
Ripper,SMG,54.0,BOR_SM.part_underbarrel_05_ammoswitcher,,,,,
Ripper,SMG,55.0,BOR_SM.part_foregrip_02,,,,,
Ripper,SMG,62.0,BOR_SM.part_secondary_ammo_sg,,,,,
Ripper,SMG,63.0,BOR_SM.part_secondary_ammo_ar,,,,,
Ripper,SMG,64.0,BOR_SM.part_secondary_ammo_ps,,,,,
Ripper,SMG,65.0,BOR_SM.part_secondary_ammo_sr,,,,,
Ripper,SMG,66.0,BOR_SM.part_barrel_01_a,,,,,
Ripper,SMG,67.0,BOR_SM.part_barrel_01_b,,,,,
Ripper,SMG,68.0,BOR_SM.part_barrel_01_c,,,,,
Ripper,SMG,69.0,BOR_SM.part_barrel_01_d,,,,,
Ripper,SMG,7.0,BOR_SM.part_barrel_01,,,,,
Ripper,SMG,70.0,BOR_SM.part_barrel_02_a,,,,,
Ripper,SMG,71.0,BOR_SM.part_barrel_02_b,,,,,
Ripper,SMG,72.0,BOR_SM.part_barrel_02_c,,,,,
Ripper,SMG,73.0,BOR_SM.part_barrel_02_d,,,,,
Ripper,SMG,74.0,BOR_SM.part_barrel_licensed_jak,,,,,
Ripper,SMG,75.0,BOR_SM.part_barrel_licensed_ted,,,,,
Ripper,SMG,78.0,BOR_SM.part_barrel_licensed_ted_combo,,,,,
Ripper,SMG,79.0,BOR_SM.part_barrel_licensed_hyp,,,,,
Ripper,SMG,8.0,BOR_SM.part_barrel_02,,,,,
Ripper,SMG,80.0,BOR_SM.part_mag_torgue_normal,,,,,
Ripper,SMG,81.0,BOR_SM.part_mag_torgue_sticky,,,,,
Ripper,Sniper,10.0,bor_sr.part_shield_ricochet,,,,,
Ripper,Sniper,11.0,bor_sr.part_shield_ammo,,,,,
Ripper,Sniper,16.0,bor_sr.part_mag_torgue_normal,,,,,
Ripper,Sniper,17.0,bor_sr.part_mag_torgue_sticky,,,,,
Ripper,Sniper,20.0,bor_sr.part_barrel_01_Stray,,,,,
Ripper,Sniper,21.0,bor_sr.part_barrel_02_Vamoose,,,,,
Ripper,Sniper,23.0,bor_sr.part_mag_ted_thrown_01,,,,,
Ripper,Sniper,24.0,bor_sr.part_mag_ted_thrown_02,,,,,
Ripper,Sniper,25.0,bor_sr.part_mag_ted_thrown_03_tor,,,,,
Ripper,Sniper,26.0,bor_sr.part_scope_ironsight,,,,,
Ripper,Sniper,31.0,bor_sr.part_scope_acc_S01_L01_a,,,,,
Ripper,Sniper,32.0,bor_sr.part_scope_acc_S01_L01_b,,,,,
Ripper,Sniper,33.0,bor_sr.part_scope_acc_S02_L01_a,,,,,
Ripper,Sniper,34.0,bor_sr.part_scope_acc_S02_L01_b,,,,,
Ripper,Sniper,35.0,bor_sr.part_scope_acc_S01_L02_a,,,,,
Ripper,Sniper,36.0,bor_sr.part_scope_acc_S01_L02_b,,,,,
Ripper,Sniper,37.0,bor_sr.part_scope_acc_S02_L02_a,,,,,
Ripper,Sniper,38.0,bor_sr.part_scope_acc_S02_L02_b,,,,,
Ripper,Sniper,39.0,bor_sr.part_grip_05a_ted_legs,,,,,
Ripper,Sniper,41.0,bor_sr.part_grip_05b_ted_homing,,,,,
Ripper,Sniper,42.0,bor_sr.part_grip_04_hyp,,,,,
Ripper,Sniper,43.0,bor_sr.part_grip_01,,,,,
Ripper,Sniper,44.0,bor_sr.part_grip_02,,,,,
Ripper,Sniper,45.0,bor_sr.part_grip_03,,,,,
Ripper,Sniper,47.0,bor_sr.part_underbarrel_02_seeker,,,,,
Ripper,Sniper,48.0,bor_sr.part_underbarrel_01_gravtrap,,,,,
Ripper,Sniper,50.0,bor_sr.part_foregrip_01,,,,,
Ripper,Sniper,51.0,bor_sr.part_foregrip_03,,,,,
Ripper,Sniper,52.0,bor_sr.part_foregrip_02,,,,,
Ripper,Sniper,53.0,bor_sr.part_underbarrel_05_ammoswitcher,,,,,
Ripper,Sniper,54.0,bor_sr.part_underbarrel_04_atlas_ball,,,,,
Ripper,Sniper,55.0,bor_sr.part_underbarrel_03_marked,,,,,
Ripper,Sniper,63.0,bor_sr.part_secondary_ammo_sg,,,,,
Ripper,Sniper,64.0,bor_sr.part_secondary_ammo_ar,,,,,
Ripper,Sniper,65.0,bor_sr.part_secondary_ammo_ps,,,,,
Ripper,Sniper,66.0,bor_sr.part_barrel_01_a,,,,,
Ripper,Sniper,67.0,bor_sr.part_barrel_01_b,,,,,
Ripper,Sniper,68.0,bor_sr.part_barrel_01_c,,,,,
Ripper,Sniper,69.0,bor_sr.part_barrel_01_d,,,,,
Ripper,Sniper,7.0,bor_sr.part_barrel_01,,,,,
Ripper,Sniper,70.0,bor_sr.part_barrel_02_a,,,,,
Ripper,Sniper,71.0,bor_sr.part_barrel_02_b,,,,,
Ripper,Sniper,72.0,bor_sr.part_barrel_02_c,,,,,
Ripper,Sniper,73.0,bor_sr.part_barrel_02_d,,,,,
Ripper,Sniper,74.0,bor_sr.part_barrel_licensed_jak,,,,,
Ripper,Sniper,75.0,bor_sr.part_barrel_licensed_ted,,,,,
Ripper,Sniper,78.0,bor_sr.part_barrel_licensed_ted_combo,,,,,
Ripper,Sniper,79.0,bor_sr.part_barrel_licensed_hyp,,,,,
Ripper,Sniper,8.0,bor_sr.part_barrel_02,,,,,
Ripper,Sniper,80.0,bor_sr.part_mag_ted_thrown_04_cov,,,,,
Tediore,Assault Rifle,7.0,Barrel,TED_AR.part_barrel_01,Assaultomatic Barrel,,,
Tediore,Assault Rifle,8.0,Barrel,TED_AR.part_barrel_02,,,,
Tediore,Assault Rifle,11.0,Manufacturer Part,TED_AR.part_barrel_licensed_ted_combo,,,,
Tediore,Assault Rifle,15.0,Manufacturer Part,TED_AR.part_multi_ted_combo,,,,
Tediore,Assault Rifle,17.0,Manufacturer Part,,Hyperion Shield,,,
Tediore,Assault Rifle,18.0,Manufacturer Part,TED_AR.part_shield_ricochet,Hyperion Reflect,,,
Tediore,Assault Rifle,19.0,Manufacturer Part,TED_AR.part_shield_ammo,Hyperion Absorb,,,
Tediore,Assault Rifle,20.0,Manufacturer Part,,Hyperion Amp,,,
Tediore,Assault Rifle,21.0,Scope,,Circular ACOG with Stability {32} and Crit {33} Accessory,,,
Tediore,Assault Rifle,22.0,Scope,,Square ACOG with Stability {28} and Crit {29} Accessory,,,
Tediore,Assault Rifle,23.0,Scope,,Holo Sight with Damage {30} and Reload {31} Accessory,,,
Tediore,Assault Rifle,24.0,Scope,,Holo Sight with Damage {26} and Reload {27} Accessory,,,
Tediore,Assault Rifle,25.0,Scope,TED_AR.part_scope_ironsight,Iron Sight,,,
Tediore,Assault Rifle,26.0,Scope Accessory,TED_AR.part_scope_acc_S01_L01_a,Sight Frame,Increase Damage,,
Tediore,Assault Rifle,27.0,Scope Accessory,TED_AR.part_scope_acc_S01_L01_b,Sight Base Extension,Increase Reload,,
Tediore,Assault Rifle,28.0,Scope Accessory,TED_AR.part_scope_acc_S02_L01_a,Scope Extension,Increase Stability,,
Tediore,Assault Rifle,29.0,Scope Accessory,TED_AR.part_scope_acc_S02_L01_b,Sight Plates/Frame,Increase Crit Damage,,
Tediore,Assault Rifle,30.0,Scope Accessory,TED_AR.part_scope_acc_S01_L02_a,Sight Frame,Increase Damage,,
Tediore,Assault Rifle,31.0,Scope Accessory,TED_AR.part_scope_acc_S01_L02_b,Sight Base Extension,Increase Reload,,
Tediore,Assault Rifle,32.0,Scope Accessory,TED_AR.part_scope_acc_S02_L02_a,Scope Extension,Increase Stability,,
Tediore,Assault Rifle,33.0,Scope Accessory,TED_AR.part_scope_acc_S02_L02_b,Sight Plates/Frame,Increase Crit Damage,,
Tediore,Assault Rifle,34.0,Barrel,TED_AR.part_barrel_02_Chuck,,,,
Tediore,Assault Rifle,36.0,Body,,Divided Focus Rarity,,,
Tediore,Assault Rifle,39.0,Barrel,,Divided Focus Barrel,Conquerer,,
Tediore,Assault Rifle,41.0,Grip,TED_AR.part_grip_05a_ted_legs,Tediore - Legs,,,
Tediore,Assault Rifle,42.0,Grip,,Tediore - Javelin,,,
Tediore,Assault Rifle,43.0,Grip,TED_AR.part_grip_05c_ted_homing,Tediore - Homing,,,
Tediore,Assault Rifle,44.0,Grip,TED_AR.part_grip_04_hyp,,,,
Tediore,Assault Rifle,45.0,Grip,TED_AR.part_grip_01,Sniper Glass Stock,Increase Damage,,
Tediore,Assault Rifle,46.0,Grip,TED_AR.part_grip_02,Short Stock,Increase Fire Rate,,
Tediore,Assault Rifle,47.0,Grip,TED_AR.part_grip_03,Solid Stock,Increase Magazine,,
Tediore,Assault Rifle,47.0,Grip,,Tediore - MIRV,,,
Tediore,Assault Rifle,51.0,Barrel Accessory,TED_AR.part_barrel_01_a,Side Rail and Battery,Increase Damage,,
Tediore,Assault Rifle,52.0,Barrel Accessory,TED_AR.part_barrel_01_b,Mid-Barrel Rail,Increase Magazine,,
Tediore,Assault Rifle,53.0,Barrel Accessory,TED_AR.part_barrel_01_c,Top-Barrel Rail,Increase Magazine,,
Tediore,Assault Rifle,54.0,Barrel Accessory,TED_AR.part_barrel_01_d,Side Barrel Triangles,Increase Accuracy,,
Tediore,Assault Rifle,55.0,Barrel Accessory,TED_AR.part_barrel_02_a,,,,
Tediore,Assault Rifle,56.0,Barrel Accessory,TED_AR.part_barrel_02_b,,,,
Tediore,Assault Rifle,57.0,Barrel Accessory,TED_AR.part_barrel_02_c,,,,
Tediore,Assault Rifle,58.0,Barrel Accessory,TED_AR.part_barrel_02_d,,,,
Tediore,Assault Rifle,59.0,Manufacturer Part,TED_AR.part_barrel_licensed_jak,Jakobs,,,
Tediore,Assault Rifle,60.0,Manufacturer Part,TED_AR.part_barrel_licensed_hyp,Hyperion Shield,,,
Tediore,Assault Rifle,61.0,Manufacturer Part,TED_AR.part_barrel_licensed_multi,,,,
Tediore,Assault Rifle,62.0,Underbarrel,TED_AR.part_underbarrel_04_atlas_ball,Atlas Tracker Grenade,,,
Tediore,Assault Rifle,63.0,Underbarrel,,Atlas Tracker Darts,,,
Tediore,Assault Rifle,64.0,Underbarrel,TED_AR.part_underbarrel_02_comboorb,,,,
Tediore,Assault Rifle,66.0,Foregrip,TED_AR.part_foregrip_01,Angled Foregrip,Increase Damage,,
Tediore,Assault Rifle,67.0,Foregrip,TED_AR.part_foregrip_03,L Shaped Foregrip,Increase Accuracy,,
Tediore,Assault Rifle,70.0,Underbarrel,TED_AR.part_underbarrel_05_ammoswitcher,Daedalus Ammo Switch,,,
Tediore,Assault Rifle,71.0,Foregrip,TED_AR.part_foregrip_02,Hand-guard Foregrip,Increase Fire Rate,,
Tediore,Assault Rifle,72.0,Manufacturer Part,TED_AR.part_secondary_ammo_sm,Daedalus Secondary Fire - SMG,,,
Tediore,Assault Rifle,73.0,Manufacturer Part,TED_AR.part_secondary_ammo_sg,Daedalus Secondary Fire - Shotgun,,,
Tediore,Assault Rifle,74.0,Manufacturer Part,TED_AR.part_secondary_ammo_ps,Daedalus Secondary Fire - Pistol,,,
Tediore,Assault Rifle,75.0,Manufacturer Part,TED_AR.part_secondary_ammo_sr,Daedalus Secondary Fire - Sniper Rifle,,,
Tediore,Assault Rifle,76.0,Barrel,,Murmur Barrel,,,
Tediore,Assault Rifle,77.0,Body,,Murmur Rarity,,,
Tediore,Assault Rifle,82.0,Magazine,,Angled Magazine,,,
Tediore,Assault Rifle,83.0,Magazine,,Box Magazine,,,
Tediore,Assault Rifle,84.0,Magazine,,Torgue Magazine,,,
Tediore,Assault Rifle,85.0,Magazine,,CoV Magazine,,,
Tediore,Assault Rifle,86.0,Magazine,TED_AR.part_mag_05_borg,Ripper Magazine,,,
Tediore,Assault Rifle,87.0,Manufacturer Part,TED_AR.part_mag_torgue_normal,Torgue Gyrojets,,,
Tediore,Assault Rifle,88.0,Manufacturer Part,TED_AR.part_mag_torgue_sticky,Torgue Sticky,,,
Tediore,Assault Rifle,92.0,Body,,Epic Rarity,,,
Tediore,Pistol,2.0,Body,TED_PS_Body,,,,
Tediore,Pistol,3.0,Body Accessory,TED_PS_Body_A,,No effect?,,
Tediore,Pistol,4.0,Body Accessory,TED_PS_Body_B,,+6 Mag Capacity,,
Tediore,Pistol,5.0,Body Accessory,TED_PS_Body_C,,+Acc,,
Tediore,Pistol,6.0,Body Accessory,TED_PS_Body_D,,No Effect?,,
Tediore,Pistol,7.0,Barrel,TED_PS_Barrel_01,Pocketshot Barrel,,,
Tediore,Pistol,8.0,Barrel,TED_PS_Barrel_02,Widget Barrel,,,
Tediore,Pistol,9.0,Manufacturer Part,TED_PS_TAcc_04_A,Tediore Shooting,,,
Tediore,Pistol,10.0,Manufacturer Part,TED_PS_TAcc_04_B,Tediore MIRV,,,
Tediore,Pistol,11.0,Manufacturer Part,TED_PS_TAcc_04_C,Tediore Combo,,,
Tediore,Pistol,12.0,Manufacturer Part,TED_PS_TAcc_04_D,Tediore Replicator,,,
Tediore,Pistol,14.0,Manufacturer Part,TED_PS_TAcc_04_A,"Tediore Shooting, visual only",,,
Tediore,Pistol,15.0,Manufacturer Part,TED_PS_TAcc_04_B,"Tediore MIRV, visual only",,,
Tediore,Pistol,16.0,Manufacturer Part,TED_PS_TAcc_04_C,"Tediore Combo, visual only",,,
Tediore,Pistol,17.0,Manufacturer Part,TED_PS_TAcc_04_D,"Tediore Replicator, visual only",,,
Tediore,Pistol,18.0,Manufacturer Part,No Visual,Hyperion Shield,,,
Tediore,Pistol,19.0,Manufacturer Part,No Visual,Hyperion Ricochet Shield,,,
Tediore,Pistol,20.0,Manufacturer Part,No Visual,Hyperion Absorb Shield,,,
Tediore,Pistol,21.0,Manufacturer Part,No Visual,Hyperion Amp Shield,,,
Tediore,Pistol,22.0,Magazine,TED_PS_Mag_01,,"1.4s Reload, 15 shots",,
Tediore,Pistol,23.0,Magazine,TED_PS_Mag_02,,"1.8s Reload, 20 shots",,
Tediore,Pistol,24.0,Magazine,TED_PS_Mag_03,,"1.6s Reload, +Damage, +Acc, -Fire Rate, 13 shots",,
Tediore,Pistol,25.0,Magazine,TED_PS_Mag_04,,"CoV Mag, 3.0s Reload, +Damage, -Acc, 27 shots to overheat",,
Tediore,Pistol,26.0,Magazine,TED_PS_Mag_05,,"Ripper Mag, 2.5s Reload, +Damage, +Fire Rate, 26 shots",,
Tediore,Pistol,27.0,Manufacturer Part,No Visual,,Torgue Impact,,
Tediore,Pistol,28.0,Manufacturer Part,No Visual,,Torgue Sticky,,
Tediore,Pistol,29.0,Scope,TED_PS_Scope_Iron,,ADS,,
Tediore,Pistol,30.0,Scope,TED_PS_Scope_01 + 01_L1,,ADS +++ Zoom,,
Tediore,Pistol,31.0,Scope,TED_PS_Scope_01 + 01_L2,,ADS ++++ Zoom,,
Tediore,Pistol,32.0,Scope,TED_PS_Scope_02 + 02_L1,,ADS + Zoom,,
Tediore,Pistol,33.0,Scope,TED_PS_Scope_02 + 02_L2,,ADS ++ Zoom,,
Tediore,Pistol,34.0,Scope Accessory,TED_PS_Scope_01_A,Scope Accessory - 30,"Top Hexagons, Mag Count, +Damage",,
Tediore,Pistol,35.0,Scope Accessory,TED_PS_Scope_01_B,Scope Accessory - 30,"Top Hexagons, +Reload Speed",,
Tediore,Pistol,36.0,Scope Accessory,TED_PS_Scope_02_A,Scope Accessory - 32,"X lines, mag counter, arch over lens, no stats",,
Tediore,Pistol,37.0,Scope Accessory,TED_PS_Scope_02_B,Scope Accessory - 32,"X lines, hexagon, cover over sight, +Crit Damage",,
Tediore,Pistol,38.0,Scope Accessory,TED_PS_Scope_01_A,Scope Accessory - 31,"Added yellow lines, Mag Count, +Damage",,
Tediore,Pistol,39.0,Scope Accessory,TED_PS_Scope_01_B,Scope Accessory - 31,"Hexagons, X lines, +Reload Speed",,
Tediore,Pistol,40.0,Scope Accessory,TED_PS_Scope_02_A,Scope Accessory - 33,"Bigger arrows, hexagons at top, element indicator?, arch over lens, no stats",,
Tediore,Pistol,41.0,Scope Accessory,TED_PS_Scope_02_B,Scope Accessory - 33,"Hexagons at bottom, distance lines, cover over sight, +Crit Damage",,
Tediore,Pistol,42.0,Grip,TED_PS_Grip_05 + 05_C,Tediore Grip - Javelin,,,
Tediore,Pistol,43.0,Grip,TED_PS_Grip_05 + 05_B,Tediore Grip - Homing,,,
Tediore,Pistol,44.0,Grip,TED_PS_Grip_05 + 05_A,Tediore Grip - Legs,,,
Tediore,Pistol,45.0,Grip,TED_PS_Grip_4,Hyperion Grip,"-Acc, Acc increases with continuous fire",,
Tediore,Pistol,46.0,Grip,TED_PS_Grip_01,,+Damage,,
Tediore,Pistol,47.0,Grip,TED_PS_Grip_02,,+Fire Rate,,
Tediore,Pistol,48.0,Grip,TED_PS_Grip_03,,+6 Ammo,,
Tediore,Pistol,49.0,Underbarrel,TED_PS_UnderBarrel_05,Daedalus Underbarrel,,,
Tediore,Pistol,50.0,Underbarrel,TED_PS_UnderBarrel_03,Micro Shotgun,,,
Tediore,Pistol,51.0,Underbarrel,TED_PS_UnderBarrel_06,No effect?,,,
Tediore,Pistol,52.0,Underbarrel,TED_PS_UnderBarrel_04,Tracker Grenades,,,
Tediore,Pistol,53.0,Foregrip,TED_PS_Foregrip_01,,+Damage,,
Tediore,Pistol,54.0,Foregrip,TED_PS_Foregrip_03,,+Acc,,
Tediore,Pistol,55.0,Manufacturer Part,TED_PS_TAcc_04_D,"Tediore Replicator, visual only",,,
Tediore,Pistol,56.0,Grip,TED_PS_Grip_05 + 05_C,Tediore Grip - Javelin,,,
Tediore,Pistol,57.0,Grip,TED_PS_Grip_05 + 05_B,Tediore Grip - Homing,,,
Tediore,Pistol,58.0,Manufacturer Part,TED_PS_TAcc_04_C,"Tediore Combo, visual only",,,
Tediore,Pistol,59.0,Barrel,TED_PS_Barrel_02,Budget Diety Barrel,,,
Tediore,Pistol,61.0,Manufacturer Part,No Visual,"Daedalus - SMG, use with 49",,,
Tediore,Pistol,62.0,Manufacturer Part,No Visual,"Daedalus - Shotgun, use with 49",,,
Tediore,Pistol,63.0,Manufacturer Part,No Visual,"Daedalus - AR, use with 49",,,
Tediore,Pistol,64.0,Manufacturer Part,No Visual,"Daedalus - Sniper, use with 49",,,
Tediore,Pistol,65.0,Barrel,TED_PS_Barrel_02,Ruby's Grasp Barrel,,,
Tediore,Pistol,67.0,Barrel,TED_PS_Barrel_01 + TAcc_04_C,Sideshow Barrel,,,
Tediore,Pistol,68.0,Barrel Accessory,TED_PS_Barrel_01_A,,+Damage,,
Tediore,Pistol,69.0,Barrel Accessory,TED_PS_Barrel_01_B,,+6 Mag Capacity,,
Tediore,Pistol,70.0,Barrel Accessory,TED_PS_Barrel_01_C,,+6 Mag Capacity,,
Tediore,Pistol,71.0,Barrel Accessory,TED_PS_Barrel_01_D,,+Acc,,
Tediore,Pistol,72.0,Barrel Accessory,TED_PS_Barrel_02_A,,+Damage,,
Tediore,Pistol,73.0,Barrel Accessory,TED_PS_Barrel_02_B,,+Acc,,
Tediore,Pistol,74.0,Barrel Accessory,TED_PS_Barrel_02_C,,+Fire Rate,,
Tediore,Pistol,75.0,Barrel Accessory,TED_PS_Barrel_02_D,,+Fire Rate,,
Tediore,Pistol,76.0,Manufacturer Part,TED_PS_TAcc_01,Jakobs Ricochet,,,
Tediore,Pistol,77.0,Manufacturer Part,TED_PS_TAcc_02,No effect,,,
Tediore,Pistol,78.0,Manufacturer Part,TED_PS_TAcc_03,No effect,,,
Tediore,Pistol,79.0,Underbarrel,TED_PS_UnderBarrel_02,Zip Rockets,,,
Tediore,Pistol,80.0,Underbarrel,TED_PS_UnderBarrel_01,Attack Drone Underbarrel,,,
Tediore,Pistol,81.0,Underbarrel,TED_PS_UnderBarrel_04,Tracker Darts,,,
Tediore,Pistol,82.0,Foregrip,TED_PS_Foregrip_02,,+Fire rate,,
Tediore,Pistol,83.0,Grip,TED_PS_Grip_05 + 05_A,Tediore Grip - Legs,,,
Tediore,Shotgun,11.0,TED_SG.part_barrel_licensed_ted_combo,,,,,
Tediore,Shotgun,15.0,TED_SG.part_multi_ted_combo,,,,,
Tediore,Shotgun,18.0,TED_SG.part_shield_ricochet,,,,,
Tediore,Shotgun,19.0,TED_SG.part_shield_ammo,,,,,
Tediore,Shotgun,21.0,TED_SG.part_mag_05_borg,,,,,
Tediore,Shotgun,26.0,TED_SG.part_mag_torgue_normal,,,,,
Tediore,Shotgun,27.0,TED_SG.part_mag_torgue_sticky,,,,,
Tediore,Shotgun,28.0,TED_SG.part_scope_ironsight,,,,,
Tediore,Shotgun,33.0,TED_SG.part_scope_acc_S01_L01_a,,,,,
Tediore,Shotgun,34.0,TED_SG.part_scope_acc_S01_L01_b,,,,,
Tediore,Shotgun,35.0,TED_SG.part_scope_acc_S02_L01_a,,,,,
Tediore,Shotgun,36.0,TED_SG.part_scope_acc_S02_L01_b,,,,,
Tediore,Shotgun,37.0,TED_SG.part_scope_acc_S01_L02_a,,,,,
Tediore,Shotgun,38.0,TED_SG.part_scope_acc_S01_L02_b,,,,,
Tediore,Shotgun,39.0,TED_SG.part_scope_acc_S02_L02_a,,,,,
Tediore,Shotgun,40.0,TED_SG.part_scope_acc_S02_L02_b,,,,,
Tediore,Shotgun,41.0,TED_SG.part_grip_05a_ted_legs,,,,,
Tediore,Shotgun,43.0,TED_SG.part_grip_05b_ted_homing,,,,,
Tediore,Shotgun,44.0,TED_SG.part_grip_04_hyp,,,,,
Tediore,Shotgun,45.0,TED_SG.part_grip_01,,,,,
Tediore,Shotgun,46.0,TED_SG.part_grip_02,,,,,
Tediore,Shotgun,47.0,TED_SG.part_grip_03,,,,,
Tediore,Shotgun,49.0,TED_SG.part_underbarrel_04_atlas_ball,,,,,
Tediore,Shotgun,51.0,TED_SG.part_underbarrel_02_stickymine,,,,,
Tediore,Shotgun,52.0,TED_SG.part_foregrip_01,,,,,
Tediore,Shotgun,53.0,TED_SG.part_foregrip_03,,,,,
Tediore,Shotgun,54.0,TED_SG.part_foregrip_02,,,,,
Tediore,Shotgun,55.0,TED_SG.part_underbarrel_05_ammoswitcher,,,,,
Tediore,Shotgun,57.0,TED_SG.part_underbarrel_01_autoturret,,,,,
Tediore,Shotgun,58.0,TED_SG.part_secondary_ammo_sm,,,,,
Tediore,Shotgun,59.0,TED_SG.part_secondary_ammo_ps,,,,,
Tediore,Shotgun,60.0,TED_SG.part_secondary_ammo_ar,,,,,
Tediore,Shotgun,61.0,TED_SG.part_secondary_ammo_sr,,,,,
Tediore,Shotgun,62.0,TED_SG.part_barrel_01_a,,,,,
Tediore,Shotgun,63.0,TED_SG.part_barrel_01_b,,,,,
Tediore,Shotgun,64.0,TED_SG.part_barrel_01_c,,,,,
Tediore,Shotgun,65.0,TED_SG.part_barrel_01_d,,,,,
Tediore,Shotgun,66.0,TED_SG.part_barrel_02_a,,,,,
Tediore,Shotgun,67.0,TED_SG.part_barrel_02_b,,,,,
Tediore,Shotgun,68.0,TED_SG.part_barrel_02_c,,,,,
Tediore,Shotgun,69.0,TED_SG.part_barrel_02_d,,,,,
Tediore,Shotgun,7.0,TED_SG.part_barrel_01,,,,,
Tediore,Shotgun,70.0,TED_SG.part_barrel_licensed_jak,,,,,
Tediore,Shotgun,71.0,TED_SG.part_barrel_licensed_hyp,,,,,
Tediore,Shotgun,72.0,TED_SG.part_barrel_licensed_multi,,,,,
Tediore,Shotgun,75.0,TED_SG.part_barrel_01_anarchy,,,,,
Tediore,Shotgun,8.0,TED_SG.part_barrel_02,,,,,
Torgue,Assault Rifle,10.0,TOR_AR.part_shield_ricochet,,,,,
Torgue,Assault Rifle,11.0,TOR_AR.part_shield_ammo,,,,,
Torgue,Assault Rifle,16.0,TOR_AR.part_mag_05_borg,,,,,
Torgue,Assault Rifle,17.0,TOR_AR.part_mag_ted_thrown_01,,,,,
Torgue,Assault Rifle,18.0,TOR_AR.part_mag_ted_thrown_02,,,,,
Torgue,Assault Rifle,19.0,TOR_AR.part_mag_ted_thrown_04_cov,,,,,
Torgue,Assault Rifle,20.0,TOR_AR.part_mag_ted_thrown_05_bor,,,,,
Torgue,Assault Rifle,21.0,TOR_AR.part_scope_ironsight,,,,,
Torgue,Assault Rifle,26.0,TOR_AR.part_scope_acc_S01_L01_a,,,,,
Torgue,Assault Rifle,27.0,TOR_AR.part_scope_acc_S01_L01_b,,,,,
Torgue,Assault Rifle,28.0,TOR_AR.part_scope_acc_S02_L01_a,,,,,
Torgue,Assault Rifle,29.0,TOR_AR.part_scope_acc_S02_L01_b,,,,,
Torgue,Assault Rifle,30.0,TOR_AR.part_scope_acc_S01_L02_a,,,,,
Torgue,Assault Rifle,31.0,TOR_AR.part_scope_acc_S01_L02_b,,,,,
Torgue,Assault Rifle,32.0,TOR_AR.part_scope_acc_S02_L02_a,,,,,
Torgue,Assault Rifle,33.0,TOR_AR.part_scope_acc_S02_L02_b,,,,,
Torgue,Assault Rifle,34.0,TOR_AR.part_grip_05a_ted_legs,,,,,
Torgue,Assault Rifle,36.0,TOR_AR.part_grip_05b_ted_homing,,,,,
Torgue,Assault Rifle,37.0,TOR_AR.part_grip_01,,,,,
Torgue,Assault Rifle,38.0,TOR_AR.part_grip_02,,,,,
Torgue,Assault Rifle,39.0,TOR_AR.part_grip_03,,,,,
Torgue,Assault Rifle,40.0,TOR_AR.part_grip_04_hyp,,,,,
Torgue,Assault Rifle,41.0,TOR_AR.part_underbarrel_05_ammoswitcher,,,,,
Torgue,Assault Rifle,44.0,TOR_AR.part_underbarrel_04_atlas_ball,,,,,
Torgue,Assault Rifle,46.0,TOR_AR.part_foregrip_02,,,,,
Torgue,Assault Rifle,47.0,TOR_AR.part_foregrip_03,,,,,
Torgue,Assault Rifle,49.0,TOR_AR.part_secondary_ammo_sg,,,,,
Torgue,Assault Rifle,50.0,TOR_AR.part_secondary_ammo_ps,,,,,
Torgue,Assault Rifle,51.0,TOR_AR.part_secondary_ammo_sr,,,,,
Torgue,Assault Rifle,54.0,TOR_AR.part_barrel_02_Bugbear,,,,,
Torgue,Assault Rifle,55.0,TOR_AR.part_barrel_coldshoulder,,,,,
Torgue,Assault Rifle,58.0,TOR_AR.part_barrel_01_a,,,,,
Torgue,Assault Rifle,59.0,TOR_AR.part_barrel_01_b,,,,,
Torgue,Assault Rifle,60.0,TOR_AR.part_barrel_01_c,,,,,
Torgue,Assault Rifle,61.0,TOR_AR.part_barrel_01_d,,,,,
Torgue,Assault Rifle,62.0,TOR_AR.part_barrel_02_a,,,,,
Torgue,Assault Rifle,63.0,TOR_AR.part_barrel_02_b,,,,,
Torgue,Assault Rifle,64.0,TOR_AR.part_barrel_02_c,,,,,
Torgue,Assault Rifle,65.0,TOR_AR.part_barrel_02_d,,,,,
Torgue,Assault Rifle,66.0,TOR_AR.part_barrel_licensed_jak,,,,,
Torgue,Assault Rifle,67.0,TOR_AR.part_barrel_licensed_ted,,,,,
Torgue,Assault Rifle,7.0,TOR_AR.part_barrel_01,,,,,
Torgue,Assault Rifle,70.0,TOR_AR.part_barrel_licensed_ted_combo,,,,,
Torgue,Assault Rifle,71.0,TOR_AR.part_barrel_licensed_hyp,,,,,
Torgue,Assault Rifle,74.0,TOR_AR.part_foregrip_01,,,,,
Torgue,Assault Rifle,8.0,TOR_AR.part_barrel_02,,,,,
Torgue,Pistol,10.0,TOR_PS.part_shield_ricochet,,,,,
Torgue,Pistol,11.0,TOR_PS.part_shield_ammo,,,,,
Torgue,Pistol,16.0,TOR_PS.part_mag_05_borg,,,,,
Torgue,Pistol,17.0,TOR_PS.part_mag_ted_thrown_01,,,,,
Torgue,Pistol,18.0,TOR_PS.part_mag_ted_thrown_02,,,,,
Torgue,Pistol,19.0,TOR_PS.part_mag_ted_thrown_04_cov,,,,,
Torgue,Pistol,20.0,TOR_PS.part_mag_ted_thrown_05_bor,,,,,
Torgue,Pistol,21.0,TOR_PS.part_scope_ironsight,,,,,
Torgue,Pistol,26.0,TOR_PS.part_scope_acc_S01_L01_a,,,,,
Torgue,Pistol,27.0,TOR_PS.part_scope_acc_S01_L01_b,,,,,
Torgue,Pistol,28.0,TOR_PS.part_scope_acc_S02_L01_a,,,,,
Torgue,Pistol,29.0,TOR_PS.part_scope_acc_S02_L01_b,,,,,
Torgue,Pistol,30.0,TOR_PS.part_scope_acc_S01_L02_a,,,,,
Torgue,Pistol,31.0,TOR_PS.part_scope_acc_S01_L02_b,,,,,
Torgue,Pistol,32.0,TOR_PS.part_scope_acc_S02_L02_a,,,,,
Torgue,Pistol,33.0,TOR_PS.part_scope_acc_S02_L02_b,,,,,
Torgue,Pistol,34.0,TOR_PS.part_grip_05b_ted_homing,,,,,
Torgue,Pistol,36.0,TOR_PS.part_grip_05a_ted_legs,,,,,
Torgue,Pistol,37.0,TOR_PS.part_grip_01,,,,,
Torgue,Pistol,38.0,TOR_PS.part_grip_02,,,,,
Torgue,Pistol,39.0,TOR_PS.part_grip_03,,,,,
Torgue,Pistol,40.0,TOR_PS.part_grip_04_hyp,,,,,
Torgue,Pistol,41.0,TOR_PS.part_underbarrel_05_ammoswitcher,,,,,
Torgue,Pistol,43.0,TOR_PS.part_underbarrel_04_atlas_ball,,,,,
Torgue,Pistol,46.0,TOR_PS.part_foregrip_02,,,,,
Torgue,Pistol,47.0,TOR_PS.part_foregrip_03,,,,,
Torgue,Pistol,49.0,TOR_PS.part_secondary_ammo_sg,,,,,
Torgue,Pistol,50.0,TOR_PS.part_secondary_ammo_ar,,,,,
Torgue,Pistol,51.0,TOR_PS.part_secondary_ammo_sr,,,,,
Torgue,Pistol,54.0,TOR_PS.part_barrel_01_Roach,,,,,
Torgue,Pistol,60.0,TOR_PS.part_barrel_01_a,,,,,
Torgue,Pistol,61.0,TOR_PS.part_barrel_01_b,,,,,
Torgue,Pistol,62.0,TOR_PS.part_barrel_01_c,,,,,
Torgue,Pistol,63.0,TOR_PS.part_barrel_01_d,,,,,
Torgue,Pistol,64.0,TOR_PS.part_barrel_02_a,,,,,
Torgue,Pistol,65.0,TOR_PS.part_barrel_02_b,,,,,
Torgue,Pistol,66.0,TOR_PS.part_barrel_02_c,,,,,
Torgue,Pistol,67.0,TOR_PS.part_barrel_02_d,,,,,
Torgue,Pistol,68.0,TOR_PS.part_barrel_licensed_jak,,,,,
Torgue,Pistol,69.0,TOR_PS.part_barrel_licensed_ted,,,,,
Torgue,Pistol,7.0,TOR_PS.part_barrel_01,,,,,
Torgue,Pistol,72.0,TOR_PS.part_barrel_licensed_ted_combo,,,,,
Torgue,Pistol,73.0,TOR_PS.part_barrel_licensed_hyp,,,,,
Torgue,Pistol,75.0,TOR_PS.part_underbarrel_02_blowback,,,,,
Torgue,Pistol,76.0,TOR_PS.part_foregrip_01,,,,,
Torgue,Pistol,8.0,TOR_PS.part_barrel_02,,,,,
Torgue,Shotgun,10.0,TOR_SG.part_shield_ricochet,,,,,
Torgue,Shotgun,11.0,TOR_SG.part_shield_ammo,,,,,
Torgue,Shotgun,13.0,TOR_SG.part_mag_05_borg,,,,,
Torgue,Shotgun,17.0,TOR_SG.part_mag_ted_thrown_01,,,,,
Torgue,Shotgun,18.0,TOR_SG.part_mag_ted_thrown_02,,,,,
Torgue,Shotgun,19.0,TOR_SG.part_mag_ted_thrown_04_cov,,,,,
Torgue,Shotgun,20.0,TOR_SG.part_mag_ted_thrown_05_bor,,,,,
Torgue,Shotgun,21.0,TOR_SG.part_scope_ironsight,,,,,
Torgue,Shotgun,26.0,TOR_SG.part_scope_acc_S01_L01_a,,,,,
Torgue,Shotgun,27.0,TOR_SG.part_scope_acc_S01_L01_b,,,,,
Torgue,Shotgun,28.0,TOR_SG.part_scope_acc_S02_L01_a,,,,,
Torgue,Shotgun,29.0,TOR_SG.part_scope_acc_S02_L01_b,,,,,
Torgue,Shotgun,30.0,TOR_SG.part_scope_acc_S01_L02_a,,,,,
Torgue,Shotgun,31.0,TOR_SG.part_scope_acc_S01_L02_b,,,,,
Torgue,Shotgun,32.0,TOR_SG.part_scope_acc_S02_L02_a,,,,,
Torgue,Shotgun,33.0,TOR_SG.part_scope_acc_S02_L02_b,,,,,
Torgue,Shotgun,35.0,TOR_SG.part_grip_05b_ted_homing,,,,,
Torgue,Shotgun,36.0,TOR_SG.part_grip_05a_ted_legs,,,,,
Torgue,Shotgun,37.0,TOR_SG.part_grip_01,,,,,
Torgue,Shotgun,38.0,TOR_SG.part_grip_02,,,,,
Torgue,Shotgun,39.0,TOR_SG.part_grip_03,,,,,
Torgue,Shotgun,40.0,TOR_SG.part_grip_04_hyp,,,,,
Torgue,Shotgun,41.0,TOR_SG.part_underbarrel_05_ammoswitcher,,,,,
Torgue,Shotgun,44.0,TOR_SG.part_underbarrel_03_bounce_grenade,,,,,
Torgue,Shotgun,46.0,TOR_SG.part_foregrip_02,,,,,
Torgue,Shotgun,47.0,TOR_SG.part_foregrip_03,,,,,
Torgue,Shotgun,48.0,TOR_SG.part_foregrip_01,,,,,
Torgue,Shotgun,49.0,TOR_SG.part_underbarrel_04_atlas_ball,,,,,
Torgue,Shotgun,50.0,TOR_SG.part_underbarrel_02_flameblast,,,,,
Torgue,Shotgun,52.0,TOR_SG.part_secondary_ammo_ps,,,,,
Torgue,Shotgun,53.0,TOR_SG.part_secondary_ammo_ar,,,,,
Torgue,Shotgun,54.0,TOR_SG.part_secondary_ammo_sr,,,,,
Torgue,Shotgun,56.0,TOR_SG.part_barrel_02_LeadBalloon,,,,,
Torgue,Shotgun,61.0,TOR_SG.part_barrel_01_a,,,,,
Torgue,Shotgun,62.0,TOR_SG.part_barrel_01_b,,,,,
Torgue,Shotgun,63.0,TOR_SG.part_barrel_01_c,,,,,
Torgue,Shotgun,64.0,TOR_SG.part_barrel_01_d,,,,,
Torgue,Shotgun,65.0,TOR_SG.part_barrel_02_a,,,,,
Torgue,Shotgun,66.0,TOR_SG.part_barrel_02_b,,,,,
Torgue,Shotgun,67.0,TOR_SG.part_barrel_02_c,,,,,
Torgue,Shotgun,68.0,TOR_SG.part_barrel_02_d,,,,,
Torgue,Shotgun,69.0,TOR_SG.part_barrel_licensed_jak,,,,,
Torgue,Shotgun,7.0,TOR_SG.part_barrel_01,,,,,
Torgue,Shotgun,70.0,TOR_SG.part_barrel_licensed_ted,,,,,
Torgue,Shotgun,73.0,TOR_SG.part_barrel_licensed_ted_combo,,,,,
Torgue,Shotgun,74.0,TOR_SG.part_barrel_licensed_hyp,,,,,
Torgue,Shotgun,8.0,TOR_SG.part_barrel_02,,,,,
Vladof,Assault Rifle,1.0,Barrel,barrel_01 + underbarrel_01,Lucian's Flank,,,
Vladof,Assault Rifle,2.0,Body,body,,,,
Vladof,Assault Rifle,3.0,Body Accessory,body_A,,,,
Vladof,Assault Rifle,4.0,Body Accessory,body_B,,,,
Vladof,Assault Rifle,5.0,Body Accessory,body_C,,,,
Vladof,Assault Rifle,6.0,Body Accessory,body_D,,,,
Vladof,Assault Rifle,7.0,Barrel,barrel_01,Buzzymuzz,,,
Vladof,Assault Rifle,8.0,Barrel,barrel_02,Gruppagrak,,,
Vladof,Assault Rifle,9.0,Manufacturer Part,No Model,Hyperion Zoom Shield,,,
Vladof,Assault Rifle,10.0,Manufacturer Part,No Model,Hyperion Ricochet Shield,,,
Vladof,Assault Rifle,11.0,Manufacturer Part,No Model,Hyperion Absorb Shield,,,
Vladof,Assault Rifle,12.0,Manufacturer Part,No Model,Hyperion Amp Shield,,,
Vladof,Assault Rifle,13.0,Magazine,mag_01,Standard,,,
Vladof,Assault Rifle,14.0,Magazine,mag_02,Bigger,,,
Vladof,Assault Rifle,15.0,Magazine,mag_03,Alt,,,
Vladof,Assault Rifle,16.0,Magazine,mag_04,CoV,,,
Vladof,Assault Rifle,17.0,Magazine,mag_05,Ripper,,,
Vladof,Assault Rifle,18.0,Manufacturer Part,No Model,Torgue Impact,,,
Vladof,Assault Rifle,19.0,Manufacturer Part,No Model,Torgue Sticky,,,
Vladof,Assault Rifle,20.0,Default Model,No Model,,NO STAT CHANGE,,
Vladof,Assault Rifle,21.0,Default Model,No Model,,NO STAT CHANGE,,
Vladof,Assault Rifle,22.0,Default Model,No Model,,NO STAT CHANGE,,
Vladof,Assault Rifle,23.0,Default Model,No Model,,NO STAT CHANGE,,
Vladof,Assault Rifle,24.0,Default Model,No Model,,NO STAT CHANGE,,
Vladof,Assault Rifle,25.0,Scope,ironsight,Iron Sight,No Zoom,,
Vladof,Assault Rifle,26.0,Scope,scope_01 + 01_L1,Reflex Sight,Low Zoom,,
Vladof,Assault Rifle,27.0,Scope,scope_01 + 01_L2,Reflex - Glass,Low Zoom,,
Vladof,Assault Rifle,28.0,Scope,scope_02 + 02_L1,Reflex Round,High Zoom,,
Vladof,Assault Rifle,29.0,Scope,scope_02 + 02_L2,Reflex Square,Med Zoom,,
Vladof,Assault Rifle,30.0,Scope Part,scope_01_A,,,,
Vladof,Assault Rifle,31.0,Scope Part,scope_01_B,,,,
Vladof,Assault Rifle,32.0,Scope Part,scope_02_A,,,,
Vladof,Assault Rifle,33.0,Scope Part,scope_02_B,,,,
Vladof,Assault Rifle,34.0,Scope Part,scope_01_A,,,,
Vladof,Assault Rifle,35.0,Scope Part,scope_01_B,,,,
Vladof,Assault Rifle,36.0,Scope Part,scope_02_A,,,,
Vladof,Assault Rifle,37.0,Scope Part,scope_02_B,,,,
Vladof,Assault Rifle,38.0,Grip,grip_05 + 05_A,Tediore - Legs,,,
Vladof,Assault Rifle,39.0,Grip,grip_05 + 05_C,Tediore - Javelin,,,
Vladof,Assault Rifle,40.0,Grip,grip_05 + 05_B,Tediore - Homing,,,
Vladof,Assault Rifle,41.0,Grip,grip_01,,,,
Vladof,Assault Rifle,42.0,Grip,grip_02,,,,
Vladof,Assault Rifle,43.0,Grip,grip_03,,,,
Vladof,Assault Rifle,44.0,Grip,grip_04,Hyperion Accuracy,,,
Vladof,Assault Rifle,45.0,Underbarrel,underbarrel_05,Daedalus Ammo,,,
Vladof,Assault Rifle,46.0,Underbarrel,underbarrel_04,Atlas Tracker Grenade,,,
Vladof,Assault Rifle,47.0,Underbarrel,underbarrel_05,Atlas Tracker Dart,,,
Vladof,Assault Rifle,48.0,Underbarrel,underbarrel_03,Bipod,,,
Vladof,Assault Rifle,49.0,Underbarrel,underbarrel_01,Grenade Launcher,,,
Vladof,Assault Rifle,50.0,Underbarrel,underbarrel_01_A,Part (grenade launcher),,,
Vladof,Assault Rifle,51.0,Valid but no model loaded,No Model,,,,
Vladof,Assault Rifle,52.0,Underbarrel,underbarrel_03_A,Motile Bipod,,,
Vladof,Assault Rifle,53.0,Underbarrel,No Model,Part (extra barrel),,,
Vladof,Assault Rifle,54.0,Underbarrel,No Model,Part (extra barrel),+AMMO,,
Vladof,Assault Rifle,55.0,Underbarrel,No Model,Part (extra barrel),,,
Vladof,Assault Rifle,56.0,Foregrip,foregrip_01,,,,
Vladof,Assault Rifle,57.0,Foregrip,foregrip_02,,,,
Vladof,Assault Rifle,58.0,Foregrip,foregrip_03,,,,
Vladof,Assault Rifle,59.0,Manufacturer Part,No Model,Daedalus - Pistol Ammo,,,
Vladof,Assault Rifle,60.0,Manufacturer Part,No Model,Daedalus - Shotgun Ammo,,,
Vladof,Assault Rifle,61.0,Manufacturer Part,No Model,Daedalus - SMG Ammo,,,
Vladof,Assault Rifle,62.0,Manufacturer Part,No Model,Daedalus - Sniper Ammo,,,
Vladof,Assault Rifle,64.0,Barrel,barrel_01 + underbarrel_01,RIP ROCKETS,,,
Vladof,Assault Rifle,66.0,Underbarrel,underbarrel_07_A,Part (extra barrel),,,
Vladof,Assault Rifle,67.0,Underbarrel,No Model,Part (extra barrel),,,
Vladof,Assault Rifle,68.0,INVALID,,,,,
Vladof,Assault Rifle,69.0,Underbarrel,underbarrel_07,Extra Barrel,,,
Vladof,Assault Rifle,70.0,Barrel,barrel_01,Aegon's Dream,,,
Vladof,Assault Rifle,71.0,Manufacturer Part,topacc_03 + 03_C,Tediore - Combo,,,
Vladof,Assault Rifle,72.0,Barrel Accessory,barrel_01_A,,,,
Vladof,Assault Rifle,73.0,Barrel Accessory,barrel_01_B,,,,
Vladof,Assault Rifle,74.0,Barrel Accessory,barrel_01_C,,,,
Vladof,Assault Rifle,75.0,Barrel Accessory,barrel_01_D,,,,
Vladof,Assault Rifle,76.0,Barrel Accessory,barrel_02_A,,,,
Vladof,Assault Rifle,77.0,Barrel Accessory,barrel_02_B,,,,
Vladof,Assault Rifle,78.0,Barrel Accessory,barrel_02_C,,,,
Vladof,Assault Rifle,79.0,Barrel Accessory,barrel_02_D,,,,
Vladof,Assault Rifle,80.0,Manufacturer Part,topacc_01,Jakobs,,,
Vladof,Assault Rifle,81.0,Manufacturer Part,topacc_03,Tediore - Thrown Gun,,,
Vladof,Assault Rifle,82.0,Manufacturer Part,topacc_03 + 03_A,Tediore - Shooting Gun,,,
Vladof,Assault Rifle,83.0,Manufacturer Part,topacc_03 + 03_B,Tediore - MIRV,,,
Vladof,Assault Rifle,84.0,Manufacturer Part,topacc_02,Hyperion Accessory,,,
Vladof,Assault Rifle,85.0,Underbarrel,underbarrel_06,UNKNOWN,,,
Vladof,Assault Rifle,86.0,Underbarrel,underbarrel_07,Extra Barrel,,,
Vladof,Assault Rifle,87.0,Underbarrel,underbarrel_02,Shotgun,,,
Vladof,Assault Rifle,89.0,Default Model,No Model,,,,
Vladof,Assault Rifle,90.0,Underbarrel,underbarrel_06,Overdrive,,,
Vladof,Assault Rifle,91.0,Valid but no model loaded,No Model,,,,
Vladof,Assault Rifle,92.0,Underbarrel,underbarrel_02,Scrap Cannon,,,
Vladof,Assault Rifle,94.0,Barrel,barrel_02,Whiskey Foxtrot,,,
Vladof,SMG,2.0,Gun Body,,upper receiver,none,,
Vladof,SMG,3.0,Gun Body,,lower receiver,-Reload Time,,
Vladof,SMG,4.0,Gun Body,,lower chamber,+Mag Size,,
Vladof,SMG,5.0,Gun Body,,receiver attachment,+Accuracy,,
Vladof,SMG,6.0,Gun Body,,receiver attachment,none,,
Vladof,SMG,7.0,Gun Body,,barrel,Base stats,,
Vladof,SMG,8.0,Gun Body,,rear barrel part,none,,
Vladof,SMG,9.0,Shield,,Hyperion Shield (always spawn with 85),none,,
Vladof,SMG,10.0,Shield,,Hyperion Ricochet Shield (always spawn with 85),none,,
Vladof,SMG,11.0,Shield,,Hyperion Absorb Shield (always spawn with 85),none,,
Vladof,SMG,12.0,Shield,,Hyperion Amp Shield (always spawn with 85),none,,
Vladof,SMG,13.0,Magazine,,single magazine,"+Accuracy, -Reload Time, -Mag Size",,
Vladof,SMG,14.0,Magazine,,double magazines,"+Damage, +Reload Time, +Mag Size",,
Vladof,SMG,15.0,Magazine,,drum magazine (unsure if can spawn without extra barrel),"+Damage, +Accuracy, -Reload Time, -Fire Rate, -Mag Size",,
Vladof,SMG,16.0,Magazine,,CoV Mag,"+Damage, -Accuracy, +Reload Time, -Mag Size",,
Vladof,SMG,17.0,Magazine,,Ripper Mag,"-Reload Time, +Fire Rate, +Mag Size",,
Vladof,SMG,18.0,Magazine,,Torgue Impact,none,,
Vladof,SMG,19.0,Magazine,,Torgue Sticky,none,,
Vladof,SMG,20.0,Tediore,,not rendered,-Reload Time,,
Vladof,SMG,21.0,Tediore,,not rendered,-Reload Time,,
Vladof,SMG,22.0,Tediore,,not tested,not tested,,
Vladof,SMG,23.0,Tediore,,not tested,not tested,,
Vladof,SMG,24.0,Tediore,,not tested,not tested,,
Vladof,SMG,24.0,Tediore,,not rendered,+Reload Time,,
Vladof,SMG,25.0,? (Not Tediore),,not rendered,none,,
Vladof,SMG,26.0,Scope,,Glassless optic/iron sights,none,,
Vladof,SMG,27.0,Scope,,Holographic Sight,Ability to ADS,,
Vladof,SMG,28.0,Scope,,Red dot sight,Ability to ADS,,
Vladof,SMG,29.0,Scope,,Scope (Round Viewfinder),Ability to ADS,,
Vladof,SMG,30.0,Scope,,Scope (Square Viewfinder),Ability to ADS,,
Vladof,SMG,31.0,Scope Attachment,,scope wires (scope 27),+Damage,,
Vladof,SMG,32.0,Scope Attachment,,scope rear hologram (scope 27),-Reload Time,,
Vladof,SMG,33.0,Scope Attachment,,scope front lens (scope 29),none,,
Vladof,SMG,34.0,Scope Attachment,,scope rear hologram (scope 29),+Mag size,,
Vladof,SMG,35.0,Scope Attachment,,scope wires (scope 28),none,,
Vladof,SMG,36.0,Scope Attachment,,scope hologram (scope 28),+Damage,,
Vladof,SMG,37.0,Scope Attachment,,scope front lens (scope 30),none,,
Vladof,SMG,38.0,Scope Attachment,,scope rear hologram (scope 30),"+Reload Time, +Mag Size",,
Vladof,SMG,43.0,Grip/Stock,,Hyperion Grip,-Accuracy,,
Vladof,SMG,44.0,Grip/Stock,,full stock,+Mag size,,
Vladof,SMG,45.0,Grip/Stock,,stock,+Fire Rate,,
Vladof,SMG,46.0,Grip/Stock,,"skeleton pistol grip, no stock",-Reload Time,,
Vladof,SMG,47.0,Underbarrel,,Daedalus Multi-Loader housing (always spawns with one of 62-65),none,,
Vladof,SMG,48.0,Underbarrel,,Atlas Tracking Grenades,none,,
Vladof,SMG,49.0,Underbarrel,,some sort of underbarrel,none,,
Vladof,SMG,50.0,Underbarrel,,Zip Rocket assembly (always spawns with 55),-Mag Size,,
Vladof,SMG,51.0,Underbarrel,,Taser assembly (always spawns with 56),none,,
Vladof,SMG,52.0,Underbarrel,,Flamethrower fuel (always spawns with 57),none,,
Vladof,SMG,53.0,Underbarrel,,Extra Barrel barrel (always spawns with 58),none,,
Vladof,SMG,54.0,Underbarrel,,Atlas Tracking Dart,none,,
Vladof,SMG,55.0,Underbarrel,,Zip Rocket housing (always spawns with 50),none,,
Vladof,SMG,56.0,Underbarrel,,Taser housing (always spawns with 51),none,,
Vladof,SMG,57.0,Underbarrel,,Flamethrower propellant (always spawns with 52),none,,
Vladof,SMG,58.0,Underbarrel,,Extra Barrel muzzle (always spawns with 53),none,,
Vladof,SMG,59.0,Underbarrel,,angled foregrip (appears to be precluded by certain underbarrel attachments),none,,
Vladof,SMG,60.0,Underbarrel,,pistol grip with hand stop,+Fire Rate,,
Vladof,SMG,61.0,Underbarrel,,canted or skeleton foregrip (depends on underbarrel),+Accuracy,,
Vladof,SMG,62.0,Underbarrel,,Daedalus Multi-Loader (Pistol) (always spawns with 47),none,,
Vladof,SMG,63.0,Underbarrel,,Daedalus Multi-Loader (Shotgun) (always spawns with 47),none,,
Vladof,SMG,64.0,Underbarrel,,Daedalus Multi-Loader (Assault Rifle) (always spawns with 47),none,,
Vladof,SMG,65.0,Underbarrel,,Daedalus Multi-Loader (Sniper Rifle) (always spawns with 47),none,,
Vladof,SMG,72.0,Accessory,,muzzle device,+Damage,,
Vladof,SMG,73.0,Accessory,,muzzle,+32% Crit Damage,,
Vladof,SMG,74.0,Accessory,,top rail,+Mag Size,,
Vladof,SMG,75.0,Accessory,,blowback tube,+Mag Size,,
Vladof,SMG,79.0,Accessory,,barrel part,+Fire Rate,,
Vladof,SMG,80.0,Accessory,,Jakobs,none,,
Vladof,SMG,81.0,Accessory,,Tediore,none,,
Vladof,SMG,82.0,Accessory,,Tediore - Shooting (needs testing for paired parts),none,,
Vladof,SMG,83.0,Accessory,,Tediore - MIRV (needs testingfor paired parts),none,,
Vladof,SMG,84.0,Accessory,,Tediore - Combo (needs testing for paired parts),none,,
Vladof,SMG,85.0,Shield,,"Shield Projector (always spawns with 9-12, but has no effect)",none,,
Vladof,Sniper,10.0,VLA_SR.part_shield_ricochet,,,,,
Vladof,Sniper,11.0,VLA_SR.part_shield_ammo,,,,,
Vladof,Sniper,17.0,VLA_SR.part_mag_05_borg,,,,,
Vladof,Sniper,18.0,VLA_SR.part_mag_torgue_normal,,,,,
Vladof,Sniper,19.0,VLA_SR.part_mag_torgue_sticky,,,,,
Vladof,Sniper,20.0,VLA_SR.part_mag_ted_thrown_01,,,,,
Vladof,Sniper,21.0,VLA_SR.part_mag_ted_thrown_02,,,,,
Vladof,Sniper,22.0,VLA_SR.part_mag_ted_thrown_03_tor,,,,,
Vladof,Sniper,23.0,VLA_SR.part_mag_ted_thrown_04_cov,,,,,
Vladof,Sniper,24.0,VLA_SR.part_mag_ted_thrown_05_bor,,,,,
Vladof,Sniper,25.0,VLA_SR.part_barrel_licensed_jak,,,,,
Vladof,Sniper,26.0,VLA_SR.part_scope_ironsight,,,,,
Vladof,Sniper,31.0,VLA_SR.part_scope_acc_S01_L01_a,,,,,
Vladof,Sniper,32.0,VLA_SR.part_scope_acc_S01_L01_b,,,,,
Vladof,Sniper,33.0,VLA_SR.part_scope_acc_S02_L01_a,,,,,
Vladof,Sniper,34.0,VLA_SR.part_scope_acc_S02_L01_b,,,,,
Vladof,Sniper,35.0,VLA_SR.part_scope_acc_S01_L02_a,,,,,
Vladof,Sniper,36.0,VLA_SR.part_scope_acc_S01_L02_b,,,,,
Vladof,Sniper,37.0,VLA_SR.part_scope_acc_S02_L02_a,,,,,
Vladof,Sniper,38.0,VLA_SR.part_scope_acc_S02_L02_b,,,,,
Vladof,Sniper,39.0,VLA_SR.part_grip_05b_ted_homing,,,,,
Vladof,Sniper,40.0,VLA_SR.part_grip_05a_ted_legs,,,,,
Vladof,Sniper,41.0,VLA_SR.part_grip_04_hyp,,,,,
Vladof,Sniper,42.0,VLA_SR.part_grip_01,,,,,
Vladof,Sniper,43.0,VLA_SR.part_grip_02,,,,,
Vladof,Sniper,44.0,VLA_SR.part_grip_03,,,,,
Vladof,Sniper,46.0,VLA_SR.part_underbarrel_05_ammoswitcher,,,,,
Vladof,Sniper,47.0,VLA_SR.part_underbarrel_04_atlas_ball,,,,,
Vladof,Sniper,48.0,VLA_SR.part_underbarrel_02_rocket,,,,,
Vladof,Sniper,49.0,VLA_SR.part_underbarrel_07_secondbarrel,,,,,
Vladof,Sniper,50.0,VLA_SR.part_underbarrel_03_bipod,,,,,
Vladof,Sniper,53.0,VLA_SR.part_underbarrel_shotgun_acc,,,,,
Vladof,Sniper,55.0,VLA_SR.part_underbarrel_bipod_acc,,,,,
Vladof,Sniper,59.0,VLA_SR.part_foregrip_01,,,,,
Vladof,Sniper,6.0,VLA_SR.part_body_c,,,,,
Vladof,Sniper,60.0,VLA_SR.part_foregrip_02,,,,,
Vladof,Sniper,61.0,VLA_SR.part_foregrip_03,,,,,
Vladof,Sniper,63.0,VLA_SR.part_secondary_ammo_sg,,,,,
Vladof,Sniper,64.0,VLA_SR.part_secondary_ammo_ar,,,,,
Vladof,Sniper,65.0,VLA_SR.part_secondary_ammo_ps,,,,,
Vladof,Sniper,68.0,VLA_SR.part_barrel_CrowdSourced,,,,,
Vladof,Sniper,7.0,VLA_SR.part_barrel_01,,,,,
Vladof,Sniper,72.0,VLA_SR.part_barrel_01_StopGap,,,,,
Vladof,Sniper,73.0,VLA_SR.part_barrel_01_a,,,,,
Vladof,Sniper,74.0,VLA_SR.part_barrel_01_b,,,,,
Vladof,Sniper,75.0,VLA_SR.part_barrel_01_c,,,,,
Vladof,Sniper,76.0,VLA_SR.part_barrel_01_d,,,,,
Vladof,Sniper,77.0,VLA_SR.part_barrel_02_a,,,,,
Vladof,Sniper,78.0,VLA_SR.part_barrel_02_b,,,,,
Vladof,Sniper,79.0,VLA_SR.part_barrel_02_c,,,,,
Vladof,Sniper,8.0,VLA_SR.part_barrel_02,,,,,
Vladof,Sniper,80.0,VLA_SR.part_barrel_02_d,,,,,
Vladof,Sniper,81.0,VLA_SR.part_barrel_licensed_ted,,,,,
Vladof,Sniper,83.0,VLA_SR.part_barrel_licensed_ted_combo,,,,,
Vladof,Sniper,85.0,VLA_SR.part_barrel_licensed_hyp,,,,,
